domain	category	module	description	pathways
Carbohydrate metabolism	Central carbohydrate metabolism	M00001	Glycolysis (Embden-Meyerhof pathway), glucose => pyruvate	map00010,map01200,map01100
Carbohydrate metabolism	Central carbohydrate metabolism	M00002	Glycolysis, core module involving three-carbon compounds	map00010,map01200,map01230,map01100
Carbohydrate metabolism	Central carbohydrate metabolism	M00003	Gluconeogenesis, oxaloacetate => fructose-6P	map00010,map00020,map01100
Carbohydrate metabolism	Central carbohydrate metabolism	M00307	Pyruvate oxidation, pyruvate => acetyl-CoA	map00010,map00020,map00620,map01200,map01100
Carbohydrate metabolism	Central carbohydrate metabolism	M00009	Citrate cycle (TCA cycle, Krebs cycle)	map00020,map01200,map01100
Carbohydrate metabolism	Central carbohydrate metabolism	M00010	Citrate cycle, first carbon oxidation, oxaloacetate => 2-oxoglutarate	map00020,map01200,map01210,map01230,map01100
Carbohydrate metabolism	Central carbohydrate metabolism	M00011	Citrate cycle, second carbon oxidation, 2-oxoglutarate => oxaloacetate	map00020,map01200,map01100
Carbohydrate metabolism	Central carbohydrate metabolism	M00004	Pentose phosphate pathway (Pentose phosphate cycle)	map00030,map01200,map01100,map01120
Carbohydrate metabolism	Central carbohydrate metabolism	M00006	Pentose phosphate pathway, oxidative phase, glucose 6P => ribulose 5P	map00030,map01200,map01100,map01120
Carbohydrate metabolism	Central carbohydrate metabolism	M00007	Pentose phosphate pathway, non-oxidative phase, fructose 6P => ribose 5P	map00030,map01200,map01230,map01100,map01120
Carbohydrate metabolism	Central carbohydrate metabolism	M00580	Pentose phosphate pathway, archaea, fructose 6P => ribose 5P	map00030,map01200,map01230,map01100,map01120
Carbohydrate metabolism	Central carbohydrate metabolism	M00005	PRPP biosynthesis, ribose 5P => PRPP	map00030,map00230,map01200,map01230,map01100
Carbohydrate metabolism	Central carbohydrate metabolism	M00008	Entner-Doudoroff pathway, glucose-6P => glyceraldehyde-3P + pyruvate	map00030,map01200,map01100,map01120
Carbohydrate metabolism	Central carbohydrate metabolism	M00308	Semi-phosphorylative Entner-Doudoroff pathway, gluconate => glycerate-3P	map00030,map01200,map01100,map01120
Carbohydrate metabolism	Central carbohydrate metabolism	M00633	Semi-phosphorylative Entner-Doudoroff pathway, gluconate/galactonate => glycerate-3P	map00030,map00052,map01200,map01100
Carbohydrate metabolism	Central carbohydrate metabolism	M00309	Non-phosphorylative Entner-Doudoroff pathway, gluconate/galactonate => glycerate	map00030,map00052,map01200,map01100,map01120
Carbohydrate metabolism	Other carbohydrate metabolism	M00014	Glucuronate pathway (uronate pathway)	map00040,map01100
Carbohydrate metabolism	Other carbohydrate metabolism	M00630	D-Galacturonate degradation (fungi), D-galacturonate => glycerol	map00040,map01100
Carbohydrate metabolism	Other carbohydrate metabolism	M00631	D-Galacturonate degradation (bacteria), D-galacturonate => pyruvate + D-glyceraldehyde 3P	map00040,map00030,map01100
Carbohydrate metabolism	Other carbohydrate metabolism	M00061	D-Glucuronate degradation, D-glucuronate => pyruvate + D-glyceraldehyde 3P	map00040,map00030,map01100
Carbohydrate metabolism	Other carbohydrate metabolism	M00081	Pectin degradation	map00040,map01100
Carbohydrate metabolism	Other carbohydrate metabolism	M00632	Galactose degradation, Leloir pathway, galactose => alpha-D-glucose-1P	map00052,map01100
Carbohydrate metabolism	Other carbohydrate metabolism	M00552	D-galactonate degradation, De Ley-Doudoroff pathway, D-galactonate => glycerate-3P	map00052,map01100
Carbohydrate metabolism	Other carbohydrate metabolism	M00129	Ascorbate biosynthesis, animals, glucose-1P => ascorbate	map00040,map00053,map01240,map01100
Carbohydrate metabolism	Other carbohydrate metabolism	M00114	Ascorbate biosynthesis, plants, fructose-6P => ascorbate	map00051,map00053,map01240,map01100,map01110
Carbohydrate metabolism	Other carbohydrate metabolism	M00550	Ascorbate degradation, ascorbate => D-xylulose-5P	map00053,map01100,map01120
Carbohydrate metabolism	Other carbohydrate metabolism	M00854	Glycogen biosynthesis, glucose-1P => glycogen/starch	map00500,map01100
Carbohydrate metabolism	Other carbohydrate metabolism	M00855	Glycogen degradation, glycogen => glucose-6P	map00500,map01100
Carbohydrate metabolism	Other carbohydrate metabolism	M00565	Trehalose biosynthesis, D-glucose 1P => trehalose	map00500,map01100,map01110
Carbohydrate metabolism	Other carbohydrate metabolism	M00549	Nucleotide sugar biosynthesis, glucose => UDP-glucose	map00520,map01250,map01100
Carbohydrate metabolism	Other carbohydrate metabolism	M00554	Nucleotide sugar biosynthesis, galactose => UDP-galactose	map00520,map00052,map01250,map01100
Carbohydrate metabolism	Other carbohydrate metabolism	M00892	UDP-N-acetyl-D-glucosamine biosynthesis, eukaryotes, glucose => UDP-GlcNAc	map00520,map01250,map01100
Carbohydrate metabolism	Other carbohydrate metabolism	M00909	UDP-N-acetyl-D-glucosamine biosynthesis, prokaryotes, glucose => UDP-GlcNAc	map00520,map01250,map01100
Carbohydrate metabolism	Other carbohydrate metabolism	M00761	Undecaprenylphosphate alpha-L-Ara4N biosynthesis, UDP-GlcA => undecaprenyl phosphate alpha-L-Ara4N	map00520,map01100
Carbohydrate metabolism	Other carbohydrate metabolism	M00012	Glyoxylate cycle	map00630,map01200,map01100,map01110
Carbohydrate metabolism	Other carbohydrate metabolism	M00373	Ethylmalonyl pathway	map00630,map01200,map01100,map01120
Carbohydrate metabolism	Other carbohydrate metabolism	M00740	Methylaspartate cycle	map00020,map00250,map00630,map01200,map01100,map01120
Carbohydrate metabolism	Other carbohydrate metabolism	M00532	Photorespiration	map00630,map01200,map01100,map01110
Carbohydrate metabolism	Other carbohydrate metabolism	M00013	Malonate semialdehyde pathway, propanoyl-CoA => acetyl-CoA	map00410,map00640,map01200,map01100
Carbohydrate metabolism	Other carbohydrate metabolism	M00741	Propanoyl-CoA metabolism, propanoyl-CoA => succinyl-CoA	map00280,map00630,map00640,map01200,map01100
Carbohydrate metabolism	Other carbohydrate metabolism	M00130	Inositol phosphate metabolism, PI=> PIP2 => Ins(1,4,5)P3 => Ins(1,3,4,5)P4	map00562,map01100
Carbohydrate metabolism	Other carbohydrate metabolism	M00131	Inositol phosphate metabolism, Ins(1,3,4,5)P4 => Ins(1,3,4)P3 => myo-inositol	map00562,map01100
Carbohydrate metabolism	Other carbohydrate metabolism	M00132	Inositol phosphate metabolism, Ins(1,3,4)P3 => phytate	map00562,map01100
Energy metabolism	Carbon fixation	M00165	Reductive pentose phosphate cycle (Calvin cycle)	map00710,map01200,map01100,map01120
Energy metabolism	Carbon fixation	M00166	Reductive pentose phosphate cycle, ribulose-5P => glyceraldehyde-3P	map00710,map01200,map01100,map01120
Energy metabolism	Carbon fixation	M00167	Reductive pentose phosphate cycle, glyceraldehyde-3P => ribulose-5P	map00710,map01200,map01100,map01120
Energy metabolism	Carbon fixation	M00168	CAM (Crassulacean acid metabolism), dark	map00620,map00710,map01200,map01100,map01120
Energy metabolism	Carbon fixation	M00169	CAM (Crassulacean acid metabolism), light	map00620,map00710,map01200,map01100,map01120
Energy metabolism	Carbon fixation	M00172	C4-dicarboxylic acid cycle, NADP - malic enzyme type	map00620,map00710,map01200,map01100,map01120
Energy metabolism	Carbon fixation	M00171	C4-dicarboxylic acid cycle, NAD - malic enzyme type	map00710,map01200,map01100,map01120
Energy metabolism	Carbon fixation	M00170	C4-dicarboxylic acid cycle, phosphoenolpyruvate carboxykinase type	map00710,map01200,map01100,map01120
Energy metabolism	Carbon fixation	M00173	Reductive citrate cycle (Arnon-Buchanan cycle)	map00720,map01200,map01100,map01120
Energy metabolism	Carbon fixation	M00376	3-Hydroxypropionate bi-cycle	map00720,map01200,map01100,map01120
Energy metabolism	Carbon fixation	M00375	Hydroxypropionate-hydroxybutylate cycle	map00720,map01200,map01100,map01120
Energy metabolism	Carbon fixation	M00374	Dicarboxylate-hydroxybutyrate cycle	map00720,map01200,map01100,map01120
Energy metabolism	Carbon fixation	M00377	Reductive acetyl-CoA pathway (Wood-Ljungdahl pathway)	map00720,map01200,map01100,map01120
Energy metabolism	Carbon fixation	M00579	Phosphate acetyltransferase-acetate kinase pathway, acetyl-CoA => acetate	map00430,map00620,map00720,map01200,map01100,map01120
Energy metabolism	Carbon fixation	M00620	Incomplete reductive citrate cycle, acetyl-CoA => oxoglutarate	map00720,map01200,map01100,map01120
Energy metabolism	Methane metabolism	M00567	Methanogenesis, CO2 => methane	map00680,map01200,map01100,map01120
Energy metabolism	Methane metabolism	M00357	Methanogenesis, acetate => methane	map00680,map01200,map01100,map01120
Energy metabolism	Methane metabolism	M00356	Methanogenesis, methanol => methane	map00680,map01200,map01100,map01120
Energy metabolism	Methane metabolism	M00563	Methanogenesis, methylamine/dimethylamine/trimethylamine => methane	map00680,map01200,map01100,map01120
Energy metabolism	Methane metabolism	M00358	Coenzyme M biosynthesis	map00680,map01240,map01100,map01120
Energy metabolism	Methane metabolism	M00608	2-Oxocarboxylic acid chain extension, 2-oxoglutarate => 2-oxoadipate => 2-oxopimelate => 2-oxosuberate	map00300,map00680,map01210,map01230,map01240,map01100,map01120
Energy metabolism	Methane metabolism	M00174	Methane oxidation, methanotroph, methane => formaldehyde	map00680,map01200,map01220,map01100,map01120
Energy metabolism	Methane metabolism	M00346	Formaldehyde assimilation, serine pathway	map00680,map01200,map01100,map01120
Energy metabolism	Methane metabolism	M00345	Formaldehyde assimilation, ribulose monophosphate pathway	map00030,map00680,map01200,map01230,map01100,map01120
Energy metabolism	Methane metabolism	M00344	Formaldehyde assimilation, xylulose monophosphate pathway	map00680,map01200,map01100,map01120
Energy metabolism	Methane metabolism	M00378	F420 biosynthesis, archaea	map00680,map01240,map01100,map01120
Energy metabolism	Methane metabolism	M00935	Methanofuran biosynthesis	map00680,map01240,map01100
Energy metabolism	Methane metabolism	M00422	Acetyl-CoA pathway, CO2 => acetyl-CoA	map00680,map01200,map01100,map01120
Energy metabolism	Nitrogen metabolism	M00175	Nitrogen fixation, nitrogen => ammonia	map00910,map01100,map01120
Energy metabolism	Nitrogen metabolism	M00531	Assimilatory nitrate reduction, nitrate => ammonia	map00910,map01100,map01120
Energy metabolism	Nitrogen metabolism	M00530	Dissimilatory nitrate reduction, nitrate => ammonia	map00910,map01100,map01120
Energy metabolism	Nitrogen metabolism	M00529	Denitrification, nitrate => nitrogen	map00910,map01100,map01120
Energy metabolism	Nitrogen metabolism	M00528	Nitrification, ammonia => nitrite	map00910,map01100,map01120
Energy metabolism	Nitrogen metabolism	M00804	Complete nitrification, comammox, ammonia => nitrite => nitrate	map00910,map01100,map01120
Energy metabolism	Sulfur metabolism	M00176	Assimilatory sulfate reduction, sulfate => H2S	map00920,map01100,map01120
Energy metabolism	Sulfur metabolism	M00596	Dissimilatory sulfate reduction, sulfate => H2S	map00920,map01100,map01120
Energy metabolism	Sulfur metabolism	M00595	Thiosulfate oxidation by SOX complex, thiosulfate => sulfate	map00920,map01100,map01120
Energy metabolism	Photosynthesis	M00161	Photosystem II	map00195
Energy metabolism	Photosynthesis	M00163	Photosystem I	map00195
Energy metabolism	Photosynthesis	M00597	Anoxygenic photosystem II	NA
Energy metabolism	Photosynthesis	M00598	Anoxygenic photosystem I	NA
Energy metabolism	ATP synthesis	M00144	NADH:quinone oxidoreductase, prokaryotes	map00190
Energy metabolism	ATP synthesis	M00145	NAD(P)H:quinone oxidoreductase, chloroplasts and cyanobacteria	map00190
Energy metabolism	ATP synthesis	M00142	NADH:ubiquinone oxidoreductase, mitochondria	map00190
Energy metabolism	ATP synthesis	M00143	NADH dehydrogenase (ubiquinone) Fe-S protein/flavoprotein complex, mitochondria	map00190
Energy metabolism	ATP synthesis	M00146	NADH dehydrogenase (ubiquinone) 1 alpha subcomplex	map00190
Energy metabolism	ATP synthesis	M00147	NADH dehydrogenase (ubiquinone) 1 beta subcomplex	map00190
Energy metabolism	ATP synthesis	M00149	Succinate dehydrogenase, prokaryotes	map00190
Energy metabolism	ATP synthesis	M00150	Fumarate reductase, prokaryotes	map00190
Energy metabolism	ATP synthesis	M00148	Succinate dehydrogenase (ubiquinone)	map00190
Energy metabolism	ATP synthesis	M00162	Cytochrome b6f complex	map00195
Energy metabolism	ATP synthesis	M00151	Cytochrome bc1 complex respiratory unit	map00190
Energy metabolism	ATP synthesis	M00152	Cytochrome bc1 complex	map00190
Energy metabolism	ATP synthesis	M00154	Cytochrome c oxidase	map00190
Energy metabolism	ATP synthesis	M00155	Cytochrome c oxidase, prokaryotes	map00190
Energy metabolism	ATP synthesis	M00153	Cytochrome bd ubiquinol oxidase	map00190
Energy metabolism	ATP synthesis	M00417	Cytochrome o ubiquinol oxidase	map00190
Energy metabolism	ATP synthesis	M00416	Cytochrome aa3-600 menaquinol oxidase	map00190
Energy metabolism	ATP synthesis	M00156	Cytochrome c oxidase, cbb3-type	map00190
Energy metabolism	ATP synthesis	M00157	F-type ATPase, prokaryotes and chloroplasts	map00190,map00195
Energy metabolism	ATP synthesis	M00158	F-type ATPase, eukaryotes	map00190
Energy metabolism	ATP synthesis	M00159	V-type ATPase, prokaryotes	map00190
Energy metabolism	ATP synthesis	M00160	V-type ATPase, eukaryotes	map00190
Lipid metabolism	Fatty acid metabolism	M00082	Fatty acid biosynthesis, initiation	map00061,map01212,map01100
Lipid metabolism	Fatty acid metabolism	M00083	Fatty acid biosynthesis, elongation	map00061,map01212,map01100
Lipid metabolism	Fatty acid metabolism	M00873	Fatty acid biosynthesis in mitochondria, animals	map00061,map01212,map01100
Lipid metabolism	Fatty acid metabolism	M00874	Fatty acid biosynthesis in mitochondria, fungi	map00061,map01212,map01100
Lipid metabolism	Fatty acid metabolism	M00085	Fatty acid elongation in mitochondria	map00062,map01212,map01100
Lipid metabolism	Fatty acid metabolism	M00415	Fatty acid elongation in endoplasmic reticulum	map00062,map01040,map01212,map01100
Lipid metabolism	Fatty acid metabolism	M00086	beta-Oxidation, acyl-CoA synthesis	map00061,map00071,map01212,map01100
Lipid metabolism	Fatty acid metabolism	M00087	beta-Oxidation	map00071,map01212,map01100
Lipid metabolism	Fatty acid metabolism	M00861	beta-Oxidation, peroxisome, VLCFA	map01040,map01212,map01100
Lipid metabolism	Sterol biosynthesis	M00101	Cholesterol biosynthesis, squalene 2,3-epoxide => cholesterol	map00100,map01100
Lipid metabolism	Sterol biosynthesis	M00102	Ergocalciferol biosynthesis, squalene 2,3-epoxide => ergosterol/ergocalciferol	map00100,map01100,map01110
Lipid metabolism	Sterol biosynthesis	M00917	Phytosterol biosynthesis, squalene 2,3-epoxide => campesterol/sitosterol	map00100,map01100,map01110
Lipid metabolism	Sterol biosynthesis	M00103	Cholecalciferol biosynthesis	map00100,map01100
Lipid metabolism	Sterol biosynthesis	M00104	Bile acid biosynthesis, cholesterol => cholate/chenodeoxycholate	map00120,map01100
Lipid metabolism	Sterol biosynthesis	M00106	Conjugated bile acid biosynthesis, cholate => taurocholate/glycocholate	map00120,map01100
Lipid metabolism	Sterol biosynthesis	M00862	beta-Oxidation, peroxisome, tri/dihydroxycholestanoyl-CoA => choloyl/chenodeoxycholoyl-CoA	map00120,map01100
Lipid metabolism	Sterol biosynthesis	M00107	Steroid hormone biosynthesis, cholesterol => prognenolone => progesterone	map00140,map01100
Lipid metabolism	Sterol biosynthesis	M00108	C21-Steroid hormone biosynthesis, progesterone => corticosterone/aldosterone	map00140,map01100
Lipid metabolism	Sterol biosynthesis	M00109	C21-Steroid hormone biosynthesis, progesterone => cortisol/cortisone	map00140,map01100
Lipid metabolism	Sterol biosynthesis	M00110	C19/C18-Steroid hormone biosynthesis, pregnenolone => androstenedione => estrone	map00140,map01100
Lipid metabolism	Lipid metabolism	M00088	Ketone body biosynthesis, acetyl-CoA => acetoacetate/3-hydroxybutyrate/acetone	map00650,map01100
Lipid metabolism	Lipid metabolism	M00089	Triacylglycerol biosynthesis	map00561,map01100
Lipid metabolism	Lipid metabolism	M00098	Acylglycerol degradation	map00561,map01100
Lipid metabolism	Lipid metabolism	M00090	Phosphatidylcholine (PC) biosynthesis, choline => PC	map00564,map01100
Lipid metabolism	Lipid metabolism	M00091	Phosphatidylcholine (PC) biosynthesis, PE => PC	map00564,map01100
Lipid metabolism	Lipid metabolism	M00092	Phosphatidylethanolamine (PE) biosynthesis, ethanolamine => PE	map00564,map01100
Lipid metabolism	Lipid metabolism	M00093	Phosphatidylethanolamine (PE) biosynthesis, PA => PS => PE	map00564,map01100
Lipid metabolism	Lipid metabolism	M00094	Ceramide biosynthesis	map00600,map01100
Lipid metabolism	Lipid metabolism	M00066	Lactosylceramide biosynthesis	map00600,map01100
Lipid metabolism	Lipid metabolism	M00067	Sulfoglycolipids biosynthesis, ceramide/1-alkyl-2-acylglycerol => sulfatide/seminolipid	map00600,map00565,map01100
Lipid metabolism	Lipid metabolism	M00099	Sphingosine biosynthesis	map00600,map01100
Lipid metabolism	Lipid metabolism	M00100	Sphingosine degradation	map00600,map01100
Lipid metabolism	Lipid metabolism	M00113	Jasmonic acid biosynthesis	map00592,map01100,map01110
Nucleotide metabolism	Purine metabolism	M00048	Inosine monophosphate biosynthesis, PRPP + glutamine => IMP	map00230,map01100
Nucleotide metabolism	Purine metabolism	M00049	Adenine ribonucleotide biosynthesis, IMP => ADP,ATP	map00230,map01240,map01100
Nucleotide metabolism	Purine metabolism	M00050	Guanine ribonucleotide biosynthesis, IMP => GDP,GTP	map00230,map01100
Nucleotide metabolism	Purine metabolism	M00546	Purine degradation, xanthine => urea	map00230,map01100
Nucleotide metabolism	Pyrimidine metabolism	M00051	Uridine monophosphate biosynthesis, glutamine (+ PRPP) => UMP	map00240,map01240,map01100
Nucleotide metabolism	Pyrimidine metabolism	M00052	Pyrimidine ribonucleotide biosynthesis, UMP => UDP/UTP,CDP/CTP	map00240,map01240,map01100
Nucleotide metabolism	Pyrimidine metabolism	M00053	Pyrimidine deoxyribonuleotide biosynthesis, CDP => dCTP	map00240,map01100
Nucleotide metabolism	Pyrimidine metabolism	M00938	Pyrimidine deoxyribonuleotide biosynthesis, UDP => dTTP	map00240,map01100
Nucleotide metabolism	Pyrimidine metabolism	M00046	Pyrimidine degradation, uracil => beta-alanine, thymine => 3-aminoisobutanoate	map00240,map01100
Nucleotide metabolism	Pyrimidine metabolism	M00939	Pyrimidine degradation, uracil => 3-hydroxypropanoate	map00240,map01100
Amino acid metabolism	Serine and threonine metabolism	M00020	Serine biosynthesis, glycerate-3P => serine	map00260,map00680,map01200,map01230,map01100
Amino acid metabolism	Serine and threonine metabolism	M00018	Threonine biosynthesis, aspartate => homoserine => threonine	map00260,map01230,map01100,map01110
Amino acid metabolism	Serine and threonine metabolism	M00555	Betaine biosynthesis, choline => betaine	map00260,map01100
Amino acid metabolism	Serine and threonine metabolism	M00033	Ectoine biosynthesis, aspartate => ectoine	map00260,map01210,map01230,map01100,map01120
Amino acid metabolism	Serine and threonine metabolism	M00919	Ectoine degradation, ectoine => aspartate	map00260,map01100,map01120
Amino acid metabolism	Cysteine and methionine metabolism	M00021	Cysteine biosynthesis, serine => cysteine	map00270,map00920,map01200,map01230,map01100,map01110
Amino acid metabolism	Cysteine and methionine metabolism	M00338	Cysteine biosynthesis, homocysteine + serine => cysteine	map00260,map00270,map01230,map01100
Amino acid metabolism	Cysteine and methionine metabolism	M00609	Cysteine biosynthesis, methionine => cysteine	map00270,map01230,map01100
Amino acid metabolism	Cysteine and methionine metabolism	M00017	Methionine biosynthesis, apartate => homoserine => methionine	map00270,map01230,map01100
Amino acid metabolism	Cysteine and methionine metabolism	M00034	Methionine salvage pathway	map00270,map01100
Amino acid metabolism	Cysteine and methionine metabolism	M00035	Methionine degradation	map00270,map01100
Amino acid metabolism	Cysteine and methionine metabolism	M00368	Ethylene biosynthesis, methionine => ethylene	map00270,map01100,map01110
Amino acid metabolism	Branched-chain amino acid metabolism	M00019	Valine/isoleucine biosynthesis, pyruvate => valine / 2-oxobutanoate => isoleucine	map00290,map00770,map01210,map01230,map01100,map01110
Amino acid metabolism	Branched-chain amino acid metabolism	M00535	Isoleucine biosynthesis, pyruvate => 2-oxobutanoate	map00290,map00660,map01210,map01230,map01100
Amino acid metabolism	Branched-chain amino acid metabolism	M00570	Isoleucine biosynthesis, threonine => 2-oxobutanoate => isoleucine	map00290,map01230,map01100
Amino acid metabolism	Branched-chain amino acid metabolism	M00432	Leucine biosynthesis, 2-oxoisovalerate => 2-oxoisocaproate	map00290,map01210,map01230,map01100,map01110
Amino acid metabolism	Branched-chain amino acid metabolism	M00036	Leucine degradation, leucine => acetoacetate + acetyl-CoA	map00280,map01100
Amino acid metabolism	Lysine metabolism	M00016	Lysine biosynthesis, succinyl-DAP pathway, aspartate => lysine	map00300,map01230,map01100
Amino acid metabolism	Lysine metabolism	M00525	Lysine biosynthesis, acetyl-DAP pathway, aspartate => lysine	map00300,map01230,map01100
Amino acid metabolism	Lysine metabolism	M00526	Lysine biosynthesis, DAP dehydrogenase pathway, aspartate => lysine	map00300,map01230,map01100
Amino acid metabolism	Lysine metabolism	M00527	Lysine biosynthesis, DAP aminotransferase pathway, aspartate => lysine	map00300,map01230,map01100,map01110
Amino acid metabolism	Lysine metabolism	M00030	Lysine biosynthesis, AAA pathway, 2-oxoglutarate => 2-aminoadipate => lysine	map00300,map01230,map01100
Amino acid metabolism	Lysine metabolism	M00433	Lysine biosynthesis, 2-oxoglutarate => 2-oxoadipate	map00300,map01210,map01230,map01100
Amino acid metabolism	Lysine metabolism	M00031	Lysine biosynthesis, mediated by LysW, 2-aminoadipate => lysine	map00300,map01210,map01230,map01100
Amino acid metabolism	Lysine metabolism	M00032	Lysine degradation, lysine => saccharopine => acetoacetyl-CoA	map00310,map01100
Amino acid metabolism	Arginine and proline metabolism	M00028	Ornithine biosynthesis, glutamate => ornithine	map00220,map01210,map01230,map01100
Amino acid metabolism	Arginine and proline metabolism	M00763	Ornithine biosynthesis, mediated by LysW, glutamate => ornithine	map00220,map01210,map01230,map01100
Amino acid metabolism	Arginine and proline metabolism	M00844	Arginine biosynthesis, ornithine => arginine	map00220,map01230,map01100
Amino acid metabolism	Arginine and proline metabolism	M00845	Arginine biosynthesis, glutamate => acetylcitrulline => arginine	map00220,map01230,map01100
Amino acid metabolism	Arginine and proline metabolism	M00029	Urea cycle	map00220,map01230,map01100
Amino acid metabolism	Arginine and proline metabolism	M00015	Proline biosynthesis, glutamate => proline	map00330,map01230,map01100
Amino acid metabolism	Arginine and proline metabolism	M00047	Creatine pathway	map00330,map01100
Amino acid metabolism	Arginine and proline metabolism	M00879	Arginine succinyltransferase pathway, arginine => glutamate	map00330,map01100
Amino acid metabolism	Polyamine biosynthesis	M00133	Polyamine biosynthesis, arginine => agmatine => putrescine => spermidine	map00330,map01100
Amino acid metabolism	Polyamine biosynthesis	M00134	Polyamine biosynthesis, arginine => ornithine => putrescine	map00330,map01100
Amino acid metabolism	Polyamine biosynthesis	M00135	GABA biosynthesis, eukaryotes, putrescine => GABA	map00330,map01100
Amino acid metabolism	Polyamine biosynthesis	M00136	GABA biosynthesis, prokaryotes, putrescine => GABA	map00330,map01100
Amino acid metabolism	Histidine metabolism	M00026	Histidine biosynthesis, PRPP => histidine	map00340,map01230,map01100,map01110
Amino acid metabolism	Histidine metabolism	M00045	Histidine degradation, histidine => N-formiminoglutamate => glutamate	map00340,map01100
Amino acid metabolism	Aromatic amino acid metabolism	M00022	Shikimate pathway, phosphoenolpyruvate + erythrose-4P => chorismate	map00400,map01230,map01100,map01110
Amino acid metabolism	Aromatic amino acid metabolism	M00023	Tryptophan biosynthesis, chorismate => tryptophan	map00400,map01230,map01100,map01110
Amino acid metabolism	Aromatic amino acid metabolism	M00024	Phenylalanine biosynthesis, chorismate => phenylpyruvate => phenylalanine	map00400,map01230,map01100,map01110
Amino acid metabolism	Aromatic amino acid metabolism	M00910	Phenylalanine biosynthesis, chorismate => arogenate => phenylalanine	map00400,map01230,map01100,map01110
Amino acid metabolism	Aromatic amino acid metabolism	M00025	Tyrosine biosynthesis, chorismate => HPP => tyrosine	map00400,map01230,map01100
Amino acid metabolism	Aromatic amino acid metabolism	M00040	Tyrosine biosynthesis, chorismate => arogenate => tyrosine	map00400,map01230,map01100,map01110
Amino acid metabolism	Aromatic amino acid metabolism	M00042	Catecholamine biosynthesis, tyrosine => dopamine => noradrenaline => adrenaline	map00350,map01100
Amino acid metabolism	Aromatic amino acid metabolism	M00043	Thyroid hormone biosynthesis, tyrosine => triiodothyronine/thyroxine	map00350,map01100
Amino acid metabolism	Aromatic amino acid metabolism	M00044	Tyrosine degradation, tyrosine => homogentisate	map00350,map01100
Amino acid metabolism	Aromatic amino acid metabolism	M00533	Homoprotocatechuate degradation, homoprotocatechuate => 2-oxohept-3-enedioate	map00350,map01220,map01100,map01120
Amino acid metabolism	Aromatic amino acid metabolism	M00037	Melatonin biosynthesis, animals, tryptophan => serotonin => melatonin	map00380,map01100
Amino acid metabolism	Aromatic amino acid metabolism	M00936	Melatonin biosynthesis, plants, tryptophan => serotonin => melatonin	map00380,map01100,map01110
Amino acid metabolism	Aromatic amino acid metabolism	M00038	Tryptophan metabolism, tryptophan => kynurenine => 2-aminomuconate	map00380,map01100
Amino acid metabolism	Other amino acid metabolism	M00027	GABA (gamma-Aminobutyrate) shunt	map00250,map00650,map01100
Amino acid metabolism	Other amino acid metabolism	M00369	Cyanogenic glycoside biosynthesis, tyrosine => dhurrin	map00460,map01100,map01110
Amino acid metabolism	Other amino acid metabolism	M00118	Glutathione biosynthesis, glutamate => glutathione	map00480,map01240,map01100
Amino acid metabolism	Other amino acid metabolism	M00947	D-Arginine racemization, D-arginine => L-arginine	map00470,map01100
Amino acid metabolism	Other amino acid metabolism	M00948	Hydroxyproline degradation, trans-4-hydroxy-L-proline => 2-oxoglutarate	map00470,map01100
Amino acid metabolism	Other amino acid metabolism	M00949	Staphylopine biosynthesis, L-histidine => staphylopine	map00470,map01100
Glycan metabolism	Glycan biosynthesis	M00055	N-glycan precursor biosynthesis	map00510,map01100
Glycan metabolism	Glycan biosynthesis	M00072	N-glycosylation by oligosaccharyltransferase	map00510,map00513,map01100
Glycan metabolism	Glycan biosynthesis	M00073	N-glycan precursor trimming	map00510,map01100
Glycan metabolism	Glycan biosynthesis	M00074	N-glycan biosynthesis, high-mannose type	map00510,map00513,map01100
Glycan metabolism	Glycan biosynthesis	M00075	N-glycan biosynthesis, complex type	map00510,map01100
Glycan metabolism	Glycan biosynthesis	M00056	O-glycan biosynthesis, mucin type core	map00512,map01100
Glycan metabolism	Glycan biosynthesis	M00872	O-glycan biosynthesis, mannose type (core M3)	map00515,map01100
Glycan metabolism	Glycan biosynthesis	M00065	GPI-anchor biosynthesis, core oligosaccharide	map00563,map01100
Glycan metabolism	Glycan biosynthesis	M00070	Glycosphingolipid biosynthesis, lacto-series, LacCer => Lc4Cer	map00601,map01100
Glycan metabolism	Glycan biosynthesis	M00071	Glycosphingolipid biosynthesis, neolacto-series, LacCer => nLc4Cer	map00601,map01100
Glycan metabolism	Glycan biosynthesis	M00068	Glycosphingolipid biosynthesis, globo-series, LacCer => Gb4Cer	map00603,map01100
Glycan metabolism	Glycan biosynthesis	M00069	Glycosphingolipid biosynthesis, ganglio series, LacCer => GT3	map00604,map01100
Glycan metabolism	Glycosaminoglycan metabolism	M00057	Glycosaminoglycan biosynthesis, linkage tetrasaccharide	map00532,map00534,map01100
Glycan metabolism	Glycosaminoglycan metabolism	M00058	Glycosaminoglycan biosynthesis, chondroitin sulfate backbone	map00532,map01100
Glycan metabolism	Glycosaminoglycan metabolism	M00059	Glycosaminoglycan biosynthesis, heparan sulfate backbone	map00534,map01100
Glycan metabolism	Glycosaminoglycan metabolism	M00076	Dermatan sulfate degradation	map00531,map01100
Glycan metabolism	Glycosaminoglycan metabolism	M00077	Chondroitin sulfate degradation	map00531,map01100
Glycan metabolism	Glycosaminoglycan metabolism	M00078	Heparan sulfate degradation	map00531,map01100
Glycan metabolism	Glycosaminoglycan metabolism	M00079	Keratan sulfate degradation	map00531,map01100
Glycan metabolism	Lipopolysaccharide metabolism	M00060	KDO2-lipid A biosynthesis, Raetz pathway, LpxL-LpxM type	map00540,map01100
Glycan metabolism	Lipopolysaccharide metabolism	M00866	KDO2-lipid A biosynthesis, Raetz pathway, non-LpxL-LpxM type	map00540,map01100
Glycan metabolism	Lipopolysaccharide metabolism	M00867	KDO2-lipid A modification pathway	map00540,map01100
Glycan metabolism	Lipopolysaccharide metabolism	M00063	CMP-KDO biosynthesis	map00540,map01250,map01100
Glycan metabolism	Lipopolysaccharide metabolism	M00064	ADP-L-glycero-D-manno-heptose biosynthesis	map00540,map01250,map01100
Glycan metabolism	Lipopolysaccharide metabolism	M00922	CMP-Neu5Ac biosynthesis	map00541,map01250,map01100
Glycan metabolism	Lipopolysaccharide metabolism	M00923	UDP-L-FucNAm biosynthesis	map00541,map01250,map01100
Metabolism of cofactors and vitamins	Cofactor and vitamin metabolism	M00127	Thiamine biosynthesis, prokaryotes, AIR (+ DXP/tyrosine) => TMP/TPP	map00730,map01240,map01100
Metabolism of cofactors and vitamins	Cofactor and vitamin metabolism	M00895	Thiamine biosynthesis, prokaryotes, AIR (+ DXP/glycine) => TMP/TPP	map00730,map01240,map01100
Metabolism of cofactors and vitamins	Cofactor and vitamin metabolism	M00896	Thiamine biosynthesis, archaea, AIR (+ NAD+) => TMP/TPP	map00730,map01240,map01100
Metabolism of cofactors and vitamins	Cofactor and vitamin metabolism	M00897	Thiamine biosynthesis, plants, AIR (+ NAD+) => TMP/thiamine/TPP	map00730,map01240,map01100
Metabolism of cofactors and vitamins	Cofactor and vitamin metabolism	M00898	Thiamine biosynthesis, pyridoxal-5P => TMP/thiamine/TPP	map00730,map01240,map01100
Metabolism of cofactors and vitamins	Cofactor and vitamin metabolism	M00899	Thiamine salvage pathway, HMP/HET => TMP	map00730,map01100
Metabolism of cofactors and vitamins	Cofactor and vitamin metabolism	M00125	Riboflavin biosynthesis, plants and bacteria, GTP => riboflavin/FMN/FAD	map00740,map01240,map01100,map01110
Metabolism of cofactors and vitamins	Cofactor and vitamin metabolism	M00911	Riboflavin biosynthesis, fungi, GTP => riboflavin/FMN/FAD	map00740,map01240,map01100
Metabolism of cofactors and vitamins	Cofactor and vitamin metabolism	M00124	Pyridoxal-P biosynthesis, erythrose-4P => pyridoxal-P	map00750,map01240,map01100
Metabolism of cofactors and vitamins	Cofactor and vitamin metabolism	M00916	Pyridoxal-P biosynthesis, R5P + glyceraldehyde-3P + glutamine => pyridoxal-P	map00750,map01240,map01100
Metabolism of cofactors and vitamins	Cofactor and vitamin metabolism	M00115	NAD biosynthesis, aspartate => quinolinate => NAD	map00760,map01240,map01100
Metabolism of cofactors and vitamins	Cofactor and vitamin metabolism	M00912	NAD biosynthesis, tryptophan => quinolinate => NAD	map00380,map00760,map01240,map01100
Metabolism of cofactors and vitamins	Cofactor and vitamin metabolism	M00810	Nicotine degradation, pyridine pathway, nicotine => 2,6-dihydroxypyridine/succinate semialdehyde	map00760,map01100,map01120
Metabolism of cofactors and vitamins	Cofactor and vitamin metabolism	M00811	Nicotine degradation, pyrrolidine pathway, nicotine => succinate semialdehyde	map00760,map01100,map01120
Metabolism of cofactors and vitamins	Cofactor and vitamin metabolism	M00622	Nicotinate degradation, nicotinate => fumarate	map00760,map01100,map01120
Metabolism of cofactors and vitamins	Cofactor and vitamin metabolism	M00119	Pantothenate biosynthesis, valine/L-aspartate => pantothenate	map00770,map01240,map01100,map01110
Metabolism of cofactors and vitamins	Cofactor and vitamin metabolism	M00913	Pantothenate biosynthesis, 2-oxoisovalerate/spermine => pantothenate	map00770,map01240,map01100
Metabolism of cofactors and vitamins	Cofactor and vitamin metabolism	M00120	Coenzyme A biosynthesis, pantothenate => CoA	map00770,map01240,map01100
Metabolism of cofactors and vitamins	Cofactor and vitamin metabolism	M00914	Coenzyme A biosynthesis, archaea, 2-oxoisovalerate => 4-phosphopantoate => CoA	map00770,map01240,map01100
Metabolism of cofactors and vitamins	Cofactor and vitamin metabolism	M00572	Pimeloyl-ACP biosynthesis, BioC-BioH pathway, malonyl-ACP => pimeloyl-ACP	map00780,map01240,map01100
Metabolism of cofactors and vitamins	Cofactor and vitamin metabolism	M00123	Biotin biosynthesis, pimeloyl-ACP/CoA => biotin	map00780,map01240,map01100
Metabolism of cofactors and vitamins	Cofactor and vitamin metabolism	M00950	Biotin biosynthesis, BioU pathway, pimeloyl-ACP/CoA => biotin	map00780,map01240,map01100
Metabolism of cofactors and vitamins	Cofactor and vitamin metabolism	M00573	Biotin biosynthesis, BioI pathway, long-chain-acyl-ACP => pimeloyl-ACP => biotin	map00780,map01240,map01100
Metabolism of cofactors and vitamins	Cofactor and vitamin metabolism	M00577	Biotin biosynthesis, BioW pathway, pimelate => pimeloyl-CoA => biotin	map00780,map01240,map01100
Metabolism of cofactors and vitamins	Cofactor and vitamin metabolism	M00881	Lipoic acid biosynthesis, plants and bacteria, octanoyl-ACP => dihydrolipoyl-E2/H	map00785,map01240,map01100
Metabolism of cofactors and vitamins	Cofactor and vitamin metabolism	M00882	Lipoic acid biosynthesis, eukaryotes, octanoyl-ACP => dihydrolipoyl-H	map00785,map01240,map01100
Metabolism of cofactors and vitamins	Cofactor and vitamin metabolism	M00883	Lipoic acid biosynthesis, animals and bacteria, octanoyl-ACP => dihydrolipoyl-H => dihydrolipoyl-E2	map00785,map01240,map01100
Metabolism of cofactors and vitamins	Cofactor and vitamin metabolism	M00884	Lipoic acid biosynthesis, octanoyl-CoA => dihydrolipoyl-E2	map00785,map01240,map01100
Metabolism of cofactors and vitamins	Cofactor and vitamin metabolism	M00126	Tetrahydrofolate biosynthesis, GTP => THF	map00790,map00670,map01240,map01100
Metabolism of cofactors and vitamins	Cofactor and vitamin metabolism	M00840	Tetrahydrofolate biosynthesis, mediated by ribA and trpF, GTP => THF	map00790,map01240,map01100
Metabolism of cofactors and vitamins	Cofactor and vitamin metabolism	M00841	Tetrahydrofolate biosynthesis, mediated by PTPS, GTP => THF	map00790,map01240,map01100
Metabolism of cofactors and vitamins	Cofactor and vitamin metabolism	M00842	Tetrahydrobiopterin biosynthesis, GTP => BH4	map00790,map01240,map01100
Metabolism of cofactors and vitamins	Cofactor and vitamin metabolism	M00843	L-threo-Tetrahydrobiopterin biosynthesis, GTP => L-threo-BH4	map00790,map01240,map01100
Metabolism of cofactors and vitamins	Cofactor and vitamin metabolism	M00880	Molybdenum cofactor biosynthesis, GTP => molybdenum cofactor	map00790,map01240,map01100
Metabolism of cofactors and vitamins	Cofactor and vitamin metabolism	M00140	C1-unit interconversion, prokaryotes	map00670,map01240,map01100
Metabolism of cofactors and vitamins	Cofactor and vitamin metabolism	M00141	C1-unit interconversion, eukaryotes	map00670,map01240,map01100
Metabolism of cofactors and vitamins	Cofactor and vitamin metabolism	M00846	Siroheme biosynthesis, glutamyl-tRNA => siroheme	map00860,map01240,map01100,map01110
Metabolism of cofactors and vitamins	Cofactor and vitamin metabolism	M00868	Heme biosynthesis, animals and fungi, glycine => heme	map00860,map01240,map01100,map01110
Metabolism of cofactors and vitamins	Cofactor and vitamin metabolism	M00121	Heme biosynthesis, plants and bacteria, glutamate => heme	map00860,map01240,map01100,map01110
Metabolism of cofactors and vitamins	Cofactor and vitamin metabolism	M00926	Heme biosynthesis, bacteria, glutamyl-tRNA => coproporphyrin III => heme	map00860,map01240,map01100
Metabolism of cofactors and vitamins	Cofactor and vitamin metabolism	M00847	Heme biosynthesis, archaea, siroheme => heme	map00860,map01240,map01100,map01110
Metabolism of cofactors and vitamins	Cofactor and vitamin metabolism	M00924	Cobalamin biosynthesis, anaerobic, uroporphyrinogen III => sirohydrochlorin => cobyrinate a,c-diamide	map00860,map01240,map01100
Metabolism of cofactors and vitamins	Cofactor and vitamin metabolism	M00925	Cobalamin biosynthesis, aerobic, uroporphyrinogen III => precorrin 2 => cobyrinate a,c-diamide	map00860,map01240,map01100
Metabolism of cofactors and vitamins	Cofactor and vitamin metabolism	M00122	Cobalamin biosynthesis, cobyrinate a,c-diamide => cobalamin	map00860,map01240,map01100
Metabolism of cofactors and vitamins	Cofactor and vitamin metabolism	M00836	Coenzyme F430 biosynthesis, sirohydrochlorin => coenzyme F430	map00860,map01240,map01100,map01120
Metabolism of cofactors and vitamins	Cofactor and vitamin metabolism	M00117	Ubiquinone biosynthesis, prokaryotes, chorismate (+ polyprenyl-PP) => ubiquinol	map00130,map01240,map01100,map01110
Metabolism of cofactors and vitamins	Cofactor and vitamin metabolism	M00128	Ubiquinone biosynthesis, eukaryotes, 4-hydroxybenzoate + polyprenyl-PP => ubiquinol	map00130,map01240,map01100
Metabolism of cofactors and vitamins	Cofactor and vitamin metabolism	M00116	Menaquinone biosynthesis, chorismate (+ polyprenyl-PP) => menaquinol	map00130,map01240,map01100,map01110
Metabolism of cofactors and vitamins	Cofactor and vitamin metabolism	M00930	Menaquinone biosynthesis, futalosine pathway	map00130,map01240,map01100
Metabolism of cofactors and vitamins	Cofactor and vitamin metabolism	M00931	Menaquinone biosynthesis, modified futalosine pathway	map00130,map01240,map01100
Metabolism of cofactors and vitamins	Cofactor and vitamin metabolism	M00932	Phylloquinone biosynthesis, chorismate (+ phytyl-PP) => phylloquinol	map00130,map01240,map01100,map01110
Metabolism of cofactors and vitamins	Cofactor and vitamin metabolism	M00112	Tocopherol/tocotorienol biosynthesis, homogentisate + phytyl/geranylgeranyl-PP => tocopherol/tocotorienol	map00130,map01240,map01100,map01110
Metabolism of cofactors and vitamins	Cofactor and vitamin metabolism	M00933	Plastoquinone biosynthesis, homogentisate + solanesyl-PP => plastoquinol	map00130,map01240,map01100,map01110
Biosynthesis of terpenoids and polyketides	Terpenoid backbone biosynthesis	M00095	C5 isoprenoid biosynthesis, mevalonate pathway	map00900,map01100,map01110
Biosynthesis of terpenoids and polyketides	Terpenoid backbone biosynthesis	M00849	C5 isoprenoid biosynthesis, mevalonate pathway, archaea	map00900,map01100,map01110
Biosynthesis of terpenoids and polyketides	Terpenoid backbone biosynthesis	M00096	C5 isoprenoid biosynthesis, non-mevalonate pathway	map00900,map01100,map01110
Biosynthesis of terpenoids and polyketides	Terpenoid backbone biosynthesis	M00364	C10-C20 isoprenoid biosynthesis, bacteria	map00900,map01100,map01110
Biosynthesis of terpenoids and polyketides	Terpenoid backbone biosynthesis	M00365	C10-C20 isoprenoid biosynthesis, archaea	map00900,map01100,map01110
Biosynthesis of terpenoids and polyketides	Terpenoid backbone biosynthesis	M00366	C10-C20 isoprenoid biosynthesis, plants	map00900,map01100,map01110
Biosynthesis of terpenoids and polyketides	Terpenoid backbone biosynthesis	M00367	C10-C20 isoprenoid biosynthesis, non-plant eukaryotes	map00900,map01100,map01110
Biosynthesis of terpenoids and polyketides	Plant terpenoid biosynthesis	M00097	beta-Carotene biosynthesis, GGAP => beta-carotene	map00906,map01100,map01110
Biosynthesis of terpenoids and polyketides	Plant terpenoid biosynthesis	M00372	Abscisic acid biosynthesis, beta-carotene => abscisic acid	map00906,map01100,map01110
Biosynthesis of terpenoids and polyketides	Plant terpenoid biosynthesis	M00371	Castasterone biosynthesis, campesterol => castasterone	map00905,map01100,map01110
Biosynthesis of terpenoids and polyketides	Plant terpenoid biosynthesis	M00927	Gibberellin A12 biosynthesis, GAPP => GA12	map00904,map01100,map01110
Biosynthesis of terpenoids and polyketides	Plant terpenoid biosynthesis	M00928	Gibberellin A4/A1 biosynthesis, GA12 => GA4 / GA53 => GA1	map00904,map01100,map01110
Biosynthesis of terpenoids and polyketides	Plant terpenoid biosynthesis	M00929	Gibberellin A1 biosynthesis, GGPP => GA1	map00904,map01100,map01110
Biosynthesis of terpenoids and polyketides	Macrolide biosynthesis	M00773	Tylosin biosynthesis, methylmalonyl-CoA + malonyl-CoA => tylactone => tylosin	map00522,map01100,map01110
Biosynthesis of terpenoids and polyketides	Macrolide biosynthesis	M00934	Mycinamicin biosynthesis, malonyl-CoA + methylmalonyl-CoA => protomycinolide IV => mycinamicin II	map00522,map01100,map01110
Biosynthesis of terpenoids and polyketides	Macrolide biosynthesis	M00774	Erythromycin biosynthesis, propanoyl-CoA + methylmalonyl-CoA => deoxyerythronolide B => erythromycin A/B	map00522,map01100,map01110
Biosynthesis of terpenoids and polyketides	Macrolide biosynthesis	M00775	Oleandomycin biosynthesis, malonyl-CoA + methylmalonyl-CoA => 8,8a-deoxyoleandolide => oleandomycin	map00522,map01100,map01110
Biosynthesis of terpenoids and polyketides	Macrolide biosynthesis	M00776	Pikromycin/methymycin biosynthesis, methylmalonyl-CoA + malonyl-CoA => narbonolide/10-deoxymethynolide => pikromycin/methymycin	map00522,map01100,map01110
Biosynthesis of terpenoids and polyketides	Macrolide biosynthesis	M00777	Avermectin biosynthesis, 2-methylbutanoyl-CoA/isobutyryl-CoA => 6,8a-Seco-6,8a-deoxy-5-oxoavermectin 1a/1b aglycone => avermectin A1a/B1a/A1b/B1b	map00522,map01100,map01110
Biosynthesis of terpenoids and polyketides	Enediyne biosynthesis	M00824	9-membered enediyne core biosynthesis, malonyl-CoA => 3-hydroxyhexadeca-4,6,8,10,12,14-hexaenoyl-ACP => 9-membered enediyne core	map01059,map01100,map01110
Biosynthesis of terpenoids and polyketides	Enediyne biosynthesis	M00825	10-membered enediyne core biosynthesis, malonyl-CoA => 3-hydroxyhexadeca-4,6,8,10,12,14-hexaenoyl-ACP => 10-membered enediyne core	map01059,map01100,map01110
Biosynthesis of terpenoids and polyketides	Enediyne biosynthesis	M00826	C-1027 benzoxazolinate moiety biosynthesis, chorismate => benzoxazolinyl-CoA	map01059,map01100,map01110
Biosynthesis of terpenoids and polyketides	Enediyne biosynthesis	M00827	C-1027 beta-amino acid moiety biosynthesis, tyrosine => 3-chloro-4,5-dihydroxy-beta-phenylalanyl-PCP	map01059,map01100,map01110
Biosynthesis of terpenoids and polyketides	Enediyne biosynthesis	M00828	Maduropeptin beta-hydroxy acid moiety biosynthesis, tyrosine => 3-(4-hydroxyphenyl)-3-oxopropanoyl-PCP	map01059,map01100,map01110
Biosynthesis of terpenoids and polyketides	Enediyne biosynthesis	M00829	3,6-Dimethylsalicylyl-CoA biosynthesis, malonyl-CoA => 6-methylsalicylate => 3,6-dimethylsalicylyl-CoA	map01059,map01100,map01110
Biosynthesis of terpenoids and polyketides	Enediyne biosynthesis	M00830	Neocarzinostatin naphthoate moiety biosynthesis, malonyl-CoA => 2-hydroxy-5-methyl-1-naphthoate => 2-hydroxy-7-methoxy-5-methyl-1-naphthoyl-CoA	map01059,map01100,map01110
Biosynthesis of terpenoids and polyketides	Enediyne biosynthesis	M00831	Kedarcidin 2-hydroxynaphthoate moiety biosynthesis, malonyl-CoA => 3,6,8-trihydroxy-2-naphthoate => 3-hydroxy-7,8-dimethoxy-6-isopropoxy-2-naphthoyl-CoA	map01059,map01100,map01110
Biosynthesis of terpenoids and polyketides	Enediyne biosynthesis	M00832	Kedarcidin 2-aza-3-chloro-beta-tyrosine moiety biosynthesis, azatyrosine => 2-aza-3-chloro-beta-tyrosyl-PCP	map01059,map01100,map01110
Biosynthesis of terpenoids and polyketides	Enediyne biosynthesis	M00834	Calicheamicin orsellinate moiety biosynthesis, malonyl-CoA => orsellinate-ACP => 5-iodo-2,3-dimethoxyorsellinate-ACP	map01059,map01100,map01110
Biosynthesis of terpenoids and polyketides	Enediyne biosynthesis	M00833	Calicheamicin biosynthesis, calicheamicinone => calicheamicin	map01059,map01100,map01110
Biosynthesis of terpenoids and polyketides	Type II polyketide biosynthesis	M00778	Type II polyketide backbone biosynthesis, acyl-CoA + malonyl-CoA => polyketide	map01056,map00253,map01100,map01110
Biosynthesis of terpenoids and polyketides	Type II polyketide biosynthesis	M00779	Dihydrokalafungin biosynthesis, octaketide => dihydrokalafungin	map01057,map01100,map01110
Biosynthesis of terpenoids and polyketides	Type II polyketide biosynthesis	M00780	Tetracycline/oxytetracycline biosynthesis, pretetramide => tetracycline/oxytetracycline	map00253,map01057,map01100,map01110
Biosynthesis of terpenoids and polyketides	Type II polyketide biosynthesis	M00823	Chlortetracycline biosynthesis, pretetramide => chlortetracycline	map00253,map01057,map01100,map01110
Biosynthesis of terpenoids and polyketides	Type II polyketide biosynthesis	M00781	Nogalavinone/aklavinone biosynthesis, deoxynogalonate/deoxyaklanonate => nogalavinone/aklavinone	map01057,map01100,map01110
Biosynthesis of terpenoids and polyketides	Type II polyketide biosynthesis	M00782	Mithramycin biosynthesis, 4-demethylpremithramycinone => mithramycin	map01057,map01100,map01110
Biosynthesis of terpenoids and polyketides	Type II polyketide biosynthesis	M00783	Tetracenomycin C/8-demethyltetracenomycin C biosynthesis, tetracenomycin F2 => tetracenomycin C/8-demethyltetracenomycin C	map01057,map01100,map01110
Biosynthesis of terpenoids and polyketides	Type II polyketide biosynthesis	M00784	Elloramycin biosynthesis, 8-demethyltetracenomycin C => elloramycin A	map01057,map01100,map01110
Biosynthesis of terpenoids and polyketides	Polyketide sugar unit biosynthesis	M00793	dTDP-L-rhamnose biosynthesis	map00521,map00523,map00541,map01250,map01100,map01110
Biosynthesis of terpenoids and polyketides	Polyketide sugar unit biosynthesis	M00794	dTDP-6-deoxy-D-allose biosynthesis	map00523,map01250,map01100,map01110
Biosynthesis of terpenoids and polyketides	Polyketide sugar unit biosynthesis	M00795	dTDP-beta-L-noviose biosynthesis	map00523,map01250,map01100,map01110
Biosynthesis of terpenoids and polyketides	Polyketide sugar unit biosynthesis	M00796	dTDP-D-mycaminose biosynthesis	map00523,map01250,map01100,map01110
Biosynthesis of terpenoids and polyketides	Polyketide sugar unit biosynthesis	M00797	dTDP-D-desosamine biosynthesis	map00523,map01250,map01100,map01110
Biosynthesis of terpenoids and polyketides	Polyketide sugar unit biosynthesis	M00798	dTDP-L-mycarose biosynthesis	map00523,map01250,map01100,map01110
Biosynthesis of terpenoids and polyketides	Polyketide sugar unit biosynthesis	M00799	dTDP-L-oleandrose biosynthesis	map00523,map01250,map01100,map01110
Biosynthesis of terpenoids and polyketides	Polyketide sugar unit biosynthesis	M00800	dTDP-L-megosamine biosynthesis	map00523,map01250,map01100,map01110
Biosynthesis of terpenoids and polyketides	Polyketide sugar unit biosynthesis	M00801	dTDP-L-olivose biosynthesis	map00523,map01250,map01100,map01110
Biosynthesis of terpenoids and polyketides	Polyketide sugar unit biosynthesis	M00802	dTDP-D-forosamine biosynthesis	map00523,map01250,map01100,map01110
Biosynthesis of terpenoids and polyketides	Polyketide sugar unit biosynthesis	M00803	dTDP-D-angolosamine biosynthesis	map00523,map01250,map01100,map01110
Biosynthesis of other secondary metabolites	Biosynthesis of phytochemical compounds	M00039	Monolignol biosynthesis, phenylalanine/tyrosine => monolignol	map00940,map01100,map01110
Biosynthesis of other secondary metabolites	Biosynthesis of phytochemical compounds	M00137	Flavanone biosynthesis, phenylalanine => naringenin	map00940,map00941,map01100,map01110
Biosynthesis of other secondary metabolites	Biosynthesis of phytochemical compounds	M00940	Flavanone biosynthesis, p-coumaroyl-CoA => liquiritigenin	map00941,map01100,map01110
Biosynthesis of other secondary metabolites	Biosynthesis of phytochemical compounds	M00138	Flavonoid biosynthesis, naringenin => pelargonidin	map00941,map01100,map01110
Biosynthesis of other secondary metabolites	Biosynthesis of phytochemical compounds	M00941	Isoflavone biosynthesis, liquiritigenin => daidzein / naringenin => genistein	map00943,map01100,map01110
Biosynthesis of other secondary metabolites	Biosynthesis of phytochemical compounds	M00942	Pterocarpan biosynthesis, daidzein => medicarpin	map00943,map01100,map01110
Biosynthesis of other secondary metabolites	Biosynthesis of phytochemical compounds	M00943	Reticuline biosynthesis, dopamine + 4HPAA => (S)-reticuline	map00950,map01100,map01110
Biosynthesis of other secondary metabolites	Biosynthesis of phytochemical compounds	M00944	Morphine biosynthesis, (S)-reticuline => morphine	map00950,map01100,map01110
Biosynthesis of other secondary metabolites	Biosynthesis of phytochemical compounds	M00945	Sanguinarine biosynthesis, (S)-reticuline => sanguinarine	map00950,map01100,map01110
Biosynthesis of other secondary metabolites	Biosynthesis of phytochemical compounds	M00946	Noscapine biosynthesis, (S)-reticuline => noscapine	map00950,map01100,map01110
Biosynthesis of other secondary metabolites	Biosynthesis of phytochemical compounds	M00370	Glucosinolate biosynthesis, tryptophan => glucobrassicin	map00380,map00966,map01210,map01100,map01110
Biosynthesis of other secondary metabolites	Biosynthesis of phytochemical compounds	M00900	Cronin biosynthesis, zeaxanthin => crocin	map00999,map01100,map01110
Biosynthesis of other secondary metabolites	Biosynthesis of phytochemical compounds	M00894	Cannabidiol biosynthesis, malonyl-CoA => cannabidiol/dronabinol	map00999,map01100,map01110
Biosynthesis of other secondary metabolites	Biosynthesis of phytochemical compounds	M00902	Podophyllotoxin biosynthesis, coniferyl alcohol => podophyllotoxin	map00999,map01100,map01110
Biosynthesis of other secondary metabolites	Biosynthesis of beta-lactams	M00672	Penicillin biosynthesis, aminoadipate + cycteine + valine => penicillin	map00311,map01100,map01110
Biosynthesis of other secondary metabolites	Biosynthesis of beta-lactams	M00673	Cephamycin C biosynthesis, aminoadipate + cycteine + valine => cephamycin C	map00311,map01100,map01110
Biosynthesis of other secondary metabolites	Biosynthesis of beta-lactams	M00675	Carbapenem-3-carboxylate biosynthesis, pyrroline-5-carboxylate + malonyl-CoA => carbapenem-3-carboxylate	map00332,map01100,map01110
Biosynthesis of other secondary metabolites	Biosynthesis of beta-lactams	M00736	Nocardicin A biosynthesis, L-pHPG + arginine + serine => nocardicin A	map00261,map01100,map01110
Biosynthesis of other secondary metabolites	Biosynthesis of beta-lactams	M00674	Clavaminate biosynthesis, arginine + glyceraldehyde-3P => clavaminate	map00331,map01100,map01110
Biosynthesis of other secondary metabolites	Biosynthesis of other antibiotics	M00877	Kanosamine biosynthesis glucose 6-phosphate => kanosamine	map00998,map01100,map01110
Biosynthesis of other secondary metabolites	Biosynthesis of other antibiotics	M00889	Puromycin biosynthesis, ATP => puromycin	map00998,map01100,map01110
Biosynthesis of other secondary metabolites	Biosynthesis of other antibiotics	M00815	Validamycin A biosynthesis, sedoheptulopyranose-7P => validamycin A	map00525,map01100,map01110
Biosynthesis of other secondary metabolites	Biosynthesis of other antibiotics	M00904	Dapdiamides biosynthesis, L-2,3-diaminopropanoate => dapdiamide A/B/C	map00998,map01100,map01110
Biosynthesis of other secondary metabolites	Biosynthesis of other antibiotics	M00785	Cycloserine biosynthesis, arginine/serine => cycloserine	map00998,map01100,map01110
Biosynthesis of other secondary metabolites	Biosynthesis of other antibiotics	M00787	Bacilysin biosynthesis, prephenate => bacilysin	map00998,map01100,map01110
Biosynthesis of other secondary metabolites	Biosynthesis of other antibiotics	M00848	Aurachin biosynthesis, anthranilate => aurachin A	map00998,map01100,map01110
Biosynthesis of other secondary metabolites	Biosynthesis of other antibiotics	M00788	Terpentecin biosynthesis, GGAP => terpentecin	map00998,map01100,map01110
Biosynthesis of other secondary metabolites	Biosynthesis of other antibiotics	M00819	Pentalenolactone biosynthesis, farnesyl-PP => pentalenolactone	map00998,map01100,map01110
Biosynthesis of other secondary metabolites	Biosynthesis of other antibiotics	M00903	Fosfomycin biosynthesis, phosphoenolpyruvate => fosfomycin	map00998,map01100,map01110
Biosynthesis of other secondary metabolites	Biosynthesis of other antibiotics	M00890	Roseoflavin biosynthesis, FMN => roseoflavin	map00998,map01100,map01110
Biosynthesis of other secondary metabolites	Biosynthesis of other fungal compounds	M00661	Paspaline biosynthesis, geranylgeranyl-PP + indoleglycerol phosphate => paspaline	map00403,map01100,map01110
Biosynthesis of other secondary metabolites	Biosynthesis of other fungal compounds	M00786	Fumitremorgin alkaloid biosynthesis, tryptophan + proline => fumitremorgin C/A	map00404,map01100,map01110
Biosynthesis of other secondary metabolites	Biosynthesis of other fungal compounds	M00937	Aflatoxin biosynthesis, malonyl-CoA => aflatoxin B1	map00254,map01100,map01110
Biosynthesis of other secondary metabolites	Biosynthesis of other fungal compounds	M00893	Lovastatin biosynthesis, malonyl-CoA => lovastatin acid	map00997,map01100,map01110
Biosynthesis of other secondary metabolites	Biosynthesis of other fungal compounds	M00891	Ditryptophenaline biosynthesis, tryptophan + phenylalanine => ditryptophenaline	map00997,map01100,map01110
Biosynthesis of other secondary metabolites	Biosynthesis of other fungal compounds	M00901	Fumiquinazoline biosynthesis, tryptophan + alanine + anthranilate => fumiquinazoline	map00997,map01100,map01110
Biosynthesis of other secondary metabolites	Biosynthesis of other bacterial compounds	M00814	Acarbose biosynthesis, sedoheptulopyranose-7P => acarbose	map00525,map01100,map01110
Biosynthesis of other secondary metabolites	Biosynthesis of other bacterial compounds	M00789	Rebeccamycin biosynthesis, tryptophan => rebeccamycin	map00404,map01100,map01110
Biosynthesis of other secondary metabolites	Biosynthesis of other bacterial compounds	M00790	Pyrrolnitrin biosynthesis, tryptophan => pyrrolnitrin	map00404,map01100,map01110
Biosynthesis of other secondary metabolites	Biosynthesis of other bacterial compounds	M00805	Staurosporine biosynthesis, tryptophan => staurosporine	map00404,map01100,map01110
Biosynthesis of other secondary metabolites	Biosynthesis of other bacterial compounds	M00808	Violacein biosynthesis, tryptophan => violacein	map00404,map01100,map01110
Biosynthesis of other secondary metabolites	Biosynthesis of other bacterial compounds	M00835	Pyocyanine biosynthesis, chorismate => pyocyanine	map00405,map01100,map01110
Biosynthesis of other secondary metabolites	Biosynthesis of other bacterial compounds	M00837	Prodigiosin biosynthesis, L-proline => prodigiosin	map00333,map01100,map01110
Biosynthesis of other secondary metabolites	Biosynthesis of other bacterial compounds	M00838	Undecylprodigiosin biosynthesis, L-proline => undecylprodigiosin	map00333,map01100,map01110
Biosynthesis of other secondary metabolites	Biosynthesis of other bacterial compounds	M00921	Cyclooctatin biosynthesis, dimethylallyl-PP + isopentenyl-PP => cyclooctatin	map00900,map00997,map01100,map01110
Biosynthesis of other secondary metabolites	Biosynthesis of other bacterial compounds	M00905	Grixazone biosynthesis, aspartate 4-semialdehyde => grixazone B	map00997,map01100,map01110
Biosynthesis of other secondary metabolites	Biosynthesis of other bacterial compounds	M00876	Staphyloferrin A biosynthesis, L-ornithine => staphyloferrin A	map00997,map01100,map01110
Biosynthesis of other secondary metabolites	Biosynthesis of other bacterial compounds	M00875	Staphyloferrin B biosynthesis, L-serine => staphyloferrin B	map00997,map01100,map01110
Biosynthesis of other secondary metabolites	Biosynthesis of other bacterial compounds	M00918	Aerobactin biosynthesis, lysine => aerobactin	map00997,map01100,map01110
Biosynthesis of other secondary metabolites	Biosynthesis of other bacterial compounds	M00906	Ethynylserine biosynthesis, lysine => ethynylserine	map00997,map01100,map01110
Xenobiotics biodegradation	Aromatics degradation	M00538	Toluene degradation, toluene => benzoate	map00623,map01220,map01100,map01120
Xenobiotics biodegradation	Aromatics degradation	M00537	Xylene degradation, xylene => methylbenzoate	map00622,map01220,map01100,map01120
Xenobiotics biodegradation	Aromatics degradation	M00419	Cymene degradation, p-cymene => p-cumate	map00622,map01220,map01100,map01120
Xenobiotics biodegradation	Aromatics degradation	M00547	Benzene/toluene degradation, benzene => catechol / toluene => 3-methylcatechol	map00361,map00362,map00623,map01220,map01100,map01120
Xenobiotics biodegradation	Aromatics degradation	M00548	Benzene degradation, benzene => catechol	map00361,map00362,map01220,map01100,map01120
Xenobiotics biodegradation	Aromatics degradation	M00551	Benzoate degradation, benzoate => catechol / methylbenzoate => methylcatechol	map00362,map00622,map01220,map01100,map01120
Xenobiotics biodegradation	Aromatics degradation	M00637	Anthranilate degradation, anthranilate => catechol	map00627,map01100,map01120
Xenobiotics biodegradation	Aromatics degradation	M00568	Catechol ortho-cleavage, catechol => 3-oxoadipate	map00362,map01220,map01100,map01120
Xenobiotics biodegradation	Aromatics degradation	M00569	Catechol meta-cleavage, catechol => acetyl-CoA / 4-methylcatechol => propanoyl-CoA	map00362,map00622,map01220,map01100,map01120
Xenobiotics biodegradation	Aromatics degradation	M00539	Cumate degradation, p-cumate => 2-oxopent-4-enoate + 2-methylpropanoate	map00622,map01220,map01100,map01120
Xenobiotics biodegradation	Aromatics degradation	M00543	Biphenyl degradation, biphenyl => 2-oxopent-4-enoate + benzoate	map00621,map01220,map01100,map01120
Xenobiotics biodegradation	Aromatics degradation	M00544	Carbazole degradation, carbazole => 2-oxopent-4-enoate + anthranilate	map00621,map01220,map01100,map01120
Xenobiotics biodegradation	Aromatics degradation	M00418	Toluene degradation, anaerobic, toluene => benzoyl-CoA	map00623,map01220,map01100,map01120
Xenobiotics biodegradation	Aromatics degradation	M00541	Benzoyl-CoA degradation, benzoyl-CoA => 3-hydroxypimeloyl-CoA	map00362,map01220,map01100,map01120
Xenobiotics biodegradation	Aromatics degradation	M00540	Benzoate degradation, cyclohexanecarboxylic acid =>pimeloyl-CoA	map00362,map01220,map01100,map01120
Xenobiotics biodegradation	Aromatics degradation	M00534	Naphthalene degradation, naphthalene => salicylate	map00626,map01220,map01100,map01120
Xenobiotics biodegradation	Aromatics degradation	M00638	Salicylate degradation, salicylate => gentisate	map00626,map01100,map01120
Xenobiotics biodegradation	Aromatics degradation	M00624	Terephthalate degradation, terephthalate => 3,4-dihydroxybenzoate	map00624,map01220,map01100,map01120
Xenobiotics biodegradation	Aromatics degradation	M00623	Phthalate degradation, phthalate => protocatechuate	map00624,map01220,map01100,map01120
Xenobiotics biodegradation	Aromatics degradation	M00636	Phthalate degradation, phthalate => protocatechuate	map00624,map01220,map01100,map01120
Xenobiotics biodegradation	Aromatics degradation	M00878	Phenylacetate degradation, phenylaxetate => acetyl-CoA/succinyl-CoA	map00360,map01100,map01120
Xenobiotics biodegradation	Aromatics degradation	M00545	Trans-cinnamate degradation, trans-cinnamate => acetyl-CoA	map00360,map01220,map01100,map01120
Xenobiotics biodegradation	Aromatics degradation	M00915	Caffeine degradation, caffeine => xanthine	map00232,map01100,map01120
