mag_id	domain	phylum	class	order	family	genus	species
cmag_001	Bacteria	Cyanobacteria	Vampirovibrionia	Gastranaerophilales	RUG14156		
cmag_002	Bacteria	Firmicutes_A	Clostridia	Oscillospirales	Ruminococcaceae	Negativibacillus	Negativibacillus sp900547455
cmag_003	Bacteria	Firmicutes_A	Clostridia	TANB77	CAG-508	UMGS1781	
cmag_004	Bacteria	Firmicutes	Bacilli	RF39	UBA660	HGM10873	
cmag_005	Bacteria	Firmicutes_A	Clostridia_A	Christensenellales	UBA1242	UMGS2069	UMGS2069 sp900557695
cmag_006	Bacteria	Firmicutes_A	Clostridia	Oscillospirales	Butyricicoccaceae	Agathobaculum	
cmag_007	Bacteria	Firmicutes_A	Clostridia	Oscillospirales	Oscillospiraceae		
cmag_008	Bacteria	Bacteroidota	Bacteroidia	Bacteroidales	UBA932	CAG-831	
cmag_009	Bacteria	Firmicutes_A	Clostridia	Oscillospirales	Acutalibacteraceae	UBA1417	UBA1417 sp900552925
cmag_010	Bacteria	Firmicutes_A	Clostridia	Lachnospirales	Anaerotignaceae	ASF356	
cmag_011	Bacteria	Firmicutes	Bacilli	RF39	UBA660	CAG-451	
cmag_012	Bacteria	Firmicutes_A	Clostridia	Lachnospirales	CAG-274		
cmag_013	Bacteria	Firmicutes	Bacilli	RF39	UBA660	CAG-594	
cmag_014	Bacteria	Firmicutes_A	Clostridia_A	Christensenellales	UBA1242	UBA4626	
cmag_015	Bacteria	Firmicutes_A	Clostridia_A	Christensenellales	UBA1242		
cmag_016	Bacteria	Firmicutes_A	Clostridia	TANB77	CAG-508	CAG-269	
cmag_017	Bacteria	Bacteroidota	Bacteroidia	Bacteroidales	Bacteroidaceae	Bacteroides	Bacteroides uniformis
cmag_018	Bacteria	Firmicutes_A	Clostridia	TANB77	CAG-465	CAG-465	
cmag_019	Bacteria	Firmicutes_A	Clostridia_A	Christensenellales	CAG-314	CAG-1435	CAG-1435 sp000433775
cmag_020	Bacteria	Firmicutes_A	Clostridia	Oscillospirales	Ruminococcaceae	Faecalibacterium	Faecalibacterium sp002160915
cmag_021	Bacteria	Firmicutes	Bacilli	Lactobacillales	Enterococcaceae	Enterococcus_E	
cmag_022	Bacteria	Firmicutes_A	Clostridia	TANB77	CAG-508	CAG-273	
cmag_023	Bacteria	Firmicutes_A	Clostridia	Oscillospirales	Butyricicoccaceae	Butyricicoccus	Butyricicoccus pullicaecorum
cmag_024	Bacteria	Firmicutes_A	Clostridia	Lachnospirales	Lachnospiraceae	Mediterraneibacter	Mediterraneibacter sp900751785
cmag_025	Bacteria	Proteobacteria	Gammaproteobacteria	Enterobacterales	Enterobacteriaceae	Proteus	Proteus mirabilis
cmag_026	Bacteria	Firmicutes	Bacilli	Lactobacillales	Enterococcaceae	Enterococcus_D	Enterococcus_D gallinarum
cmag_027	Bacteria	Firmicutes_A	Clostridia_A	Christensenellales	CAG-314	CAG-314	CAG-314 sp000437915
cmag_028	Bacteria	Bacteroidota	Bacteroidia	Bacteroidales	Rikenellaceae	Alistipes	Alistipes sp900021155
cmag_029	Bacteria	Firmicutes_A	Clostridia_A	Christensenellales	UBA1242	UMGS687	
cmag_030	Bacteria	Firmicutes_A	Clostridia	Oscillospirales	Oscillospiraceae	CAG-110	CAG-110 sp900546915
cmag_031	Bacteria	Firmicutes_A	Clostridia	Oscillospirales	Ruminococcaceae	UBA1375	
cmag_032	Bacteria	Firmicutes_A	Clostridia	Clostridiales	Clostridiaceae	Dwaynesavagella	Dwaynesavagella sp001655775
cmag_033	Bacteria	Firmicutes_A	Clostridia	TANB77	CAG-508	CAG-269	
cmag_034	Bacteria	Firmicutes_A	Clostridia	Oscillospirales	Oscillospiraceae	Intestinimonas	
cmag_035	Bacteria	Firmicutes_A	Clostridia	Lachnospirales	Lachnospiraceae	Mediterraneibacter	
cmag_036	Bacteria	Firmicutes_A	Clostridia	Lachnospirales	Lachnospiraceae	Lachnoclostridium_A	
cmag_037	Bacteria	Firmicutes_A	Clostridia_A	Christensenellales	Borkfalkiaceae	Borkfalkia	
cmag_038	Bacteria	Firmicutes_A	Clostridia	Oscillospirales	Oscillospiraceae	Lawsonibacter	Lawsonibacter sp900545895
cmag_039	Bacteria	Firmicutes_A	Clostridia	Monoglobales_A	UBA1381	12844	
cmag_040	Bacteria	Firmicutes_A	Clostridia	Oscillospirales	Acutalibacteraceae		
cmag_041	Bacteria	Firmicutes_A	Clostridia_A	Christensenellales	DTU072	CAG-1782	
cmag_042	Bacteria	Firmicutes_A	Clostridia	Oscillospirales	Oscillospiraceae	CAG-110	
cmag_043	Bacteria	Firmicutes_A	Clostridia	Oscillospirales	Oscillospiraceae	Lawsonibacter	
cmag_044	Bacteria	Desulfobacterota	Desulfovibrionia	Desulfovibrionales	Desulfovibrionaceae	Desulfovibrio	
cmag_045	Bacteria	Firmicutes_C	Negativicutes	Selenomonadales	Selenomonadaceae	Megamonas	Megamonas funiformis
cmag_046	Bacteria	Cyanobacteria	Vampirovibrionia	Gastranaerophilales	Gastranaerophilaceae		
cmag_047	Bacteria	Firmicutes_A	Clostridia_A	Christensenellales	DTU072		
cmag_048	Bacteria	Firmicutes_A	Clostridia	Oscillospirales	Acutalibacteraceae	Acutalibacter	
cmag_049	Bacteria	Firmicutes_A	Clostridia_A	Christensenellales	Borkfalkiaceae	UMGS1004	UMGS1004 sp900761685
cmag_050	Bacteria	Firmicutes_A	Clostridia	Lachnospirales	Lachnospiraceae	Mediterraneibacter	
cmag_051	Bacteria	Firmicutes	Bacilli	Lactobacillales	Lactobacillaceae	Limosilactobacillus	
cmag_052	Bacteria	Firmicutes_A	Clostridia_A	Christensenellales	UBA1242	UBA11517	
cmag_053	Bacteria	Cyanobacteria	Vampirovibrionia	Gastranaerophilales	RUG14156		
cmag_054	Bacteria	Firmicutes_A	Clostridia	TANB77	CAG-508	UMGS1781	
cmag_055	Bacteria	Firmicutes_A	Clostridia_A	Christensenellales	UBA1242	UBA11517	
cmag_056	Bacteria	Firmicutes	Bacilli	RF39	UBA660	UMGS2016	
cmag_057	Bacteria	Firmicutes	Bacilli	ML615J-28	CAG-313	CAG-313	CAG-313 sp900539265
cmag_058	Bacteria	Firmicutes_A	Clostridia_A	Christensenellales	CAG-552	UMGS1880	
cmag_059	Bacteria	Firmicutes_A	Clostridia	Oscillospirales	Acutalibacteraceae		
cmag_060	Bacteria	Firmicutes_A	Clostridia	Oscillospirales	Acutalibacteraceae	UMGS403	UMGS403 sp900541975
cmag_061	Bacteria	Firmicutes_A	Clostridia	TANB77	CAG-508	CAG-269	
cmag_062	Bacteria	Cyanobacteria	Vampirovibrionia	Gastranaerophilales	RUG14156		
cmag_063	Bacteria	Firmicutes_A	Clostridia	Lachnospirales	Lachnospiraceae	Lachnoclostridium_B	Lachnoclostridium_B phocaeensis
cmag_064	Bacteria	Firmicutes_A	Clostridia	Lachnospirales	Lachnospiraceae	UMGS1370	
cmag_065	Bacteria	Firmicutes_A	Clostridia	Lachnospirales	Lachnospiraceae	Blautia	
cmag_066	Bacteria	Firmicutes_A	Clostridia	Lachnospirales	Lachnospiraceae	Mediterraneibacter	Mediterraneibacter sp900555215
cmag_067	Bacteria	Bacteroidota	Bacteroidia	Bacteroidales	Rikenellaceae	Alistipes_A	Alistipes_A ihumii
cmag_068	Bacteria	Firmicutes	Bacilli	RF39	UBA660	UMGS1217	
cmag_069	Bacteria	Firmicutes	Bacilli	RF39	UBA660	CAG-776	CAG-776 sp900758895
cmag_070	Bacteria	Firmicutes	Bacilli	RF39	UBA660	HGM10873	
cmag_071	Bacteria	Firmicutes_A	Clostridia	Lachnospirales	Lachnospiraceae	UMGS1370	
cmag_072	Bacteria	Firmicutes_A	Clostridia	TANB77	CAG-508	CAG-269	
cmag_073	Bacteria	Verrucomicrobiota	Lentisphaeria	Victivallales	UBA1829	UBA1829	UBA1829 sp002338895
cmag_074	Bacteria	Firmicutes_A	Clostridia_A	Christensenellales	UBA3700	CABKMX01	
cmag_075	Bacteria	Firmicutes_A	Clostridia	Oscillospirales	Oscillospiraceae		
cmag_076	Bacteria	Firmicutes_A	Clostridia	Lachnospirales	Lachnospiraceae	Mediterraneibacter	
cmag_077	Bacteria	Bacteroidota	Bacteroidia	Bacteroidales	Marinifilaceae	Butyricimonas	Butyricimonas paravirosa
cmag_078	Bacteria	Firmicutes_A	Clostridia	Oscillospirales	Oscillospiraceae		
cmag_079	Bacteria	Firmicutes_A	Clostridia	Oscillospirales	Oscillospiraceae	Dysosmobacter	
cmag_080	Bacteria	Firmicutes_A	Clostridia	Lachnospirales	Lachnospiraceae	Lachnoclostridium_A	
cmag_081	Bacteria	Firmicutes_A	Clostridia	Oscillospirales	Acutalibacteraceae	Anaeromassilibacillus	Anaeromassilibacillus sp002159845
cmag_082	Bacteria	Firmicutes_A	Clostridia	Oscillospirales	Butyricicoccaceae	Agathobaculum	Agathobaculum sp900555465
cmag_083	Bacteria	Cyanobacteria	Vampirovibrionia	Gastranaerophilales	RUG14156		
cmag_084	Bacteria	Firmicutes_A	Clostridia	Oscillospirales	Acutalibacteraceae	An172	An172 sp002160515
cmag_085	Bacteria	Firmicutes_A	Clostridia_A	Christensenellales	UBA1242	UBA4626	
cmag_086	Bacteria	Firmicutes_A	Clostridia	Lachnospirales	CAG-274		
cmag_087	Bacteria	Firmicutes_A	Clostridia	Oscillospirales	Oscillospiraceae	Flavonifractor	Flavonifractor plautii
cmag_088	Bacteria	Firmicutes_A	Clostridia	Peptostreptococcales	Peptostreptococcaceae	Romboutsia	
cmag_089	Bacteria	Firmicutes_A	Clostridia	Oscillospirales	Ruminococcaceae	Ruthenibacterium	
cmag_090	Bacteria	Firmicutes	Bacilli	RF39	UBA660	HGM10873	
cmag_091	Bacteria	Firmicutes_A	Clostridia	Oscillospirales	Acutalibacteraceae	Eubacterium_R	Eubacterium_R sp900539845
cmag_092	Bacteria	Firmicutes_A	Clostridia_A	Christensenellales	Borkfalkiaceae	Borkfalkia	
cmag_093	Bacteria	Firmicutes_A	Clostridia	TANB77	CAG-508	CAG-269	
cmag_094	Bacteria	Firmicutes_A	Clostridia	Lachnospirales	Lachnospiraceae	Anaerobutyricum	Anaerobutyricum sp900016875
cmag_095	Bacteria	Firmicutes_A	Clostridia	Lachnospirales	UBA1390		
cmag_096	Bacteria	Firmicutes_A	Clostridia	Oscillospirales	Acutalibacteraceae	Acutalibacter	Acutalibacter sp900543555
cmag_097	Bacteria	Firmicutes_A	Clostridia	Lachnospirales	Lachnospiraceae		
cmag_098	Bacteria	Firmicutes_A	Clostridia	Lachnospirales	Lachnospiraceae	GCA-900066135	
cmag_099	Bacteria	Firmicutes_A	Clostridia	Lachnospirales	Lachnospiraceae	Anaerosacchariphilus	
cmag_100	Bacteria	Firmicutes	Bacilli	Erysipelotrichales	Erysipelotrichaceae	Merdibacter	Merdibacter sp900543035
cmag_101	Bacteria	Firmicutes_A	Clostridia	Lachnospirales	Lachnospiraceae	Mediterraneibacter	Mediterraneibacter sp002314255
cmag_102	Bacteria	Firmicutes_A	Clostridia	Lachnospirales	Lachnospiraceae	UBA7182	UBA7182 sp002160135
cmag_103	Bacteria	Firmicutes_A	Clostridia_A	Christensenellales	UBA1242	UBA11517	
cmag_104	Bacteria	Bacteroidota	Bacteroidia	Bacteroidales	Rikenellaceae	Alistipes	Alistipes finegoldii
cmag_105	Bacteria	Firmicutes_A	Clostridia	Lachnospirales	Lachnospiraceae	Acetatifactor	
cmag_106	Bacteria	Firmicutes	Bacilli	RF39	UBA660	CAG-451	
cmag_107	Bacteria	Firmicutes_A	Clostridia_A	Christensenellales	UBA1242	UBA4626	
cmag_108	Bacteria	Firmicutes_A	Clostridia_A	Christensenellales	UBA3700	CABKMX01	
cmag_109	Bacteria	Firmicutes	Bacilli	RF39	UBA660	RUG13868	
cmag_110	Bacteria	Bacteroidota	Bacteroidia	Bacteroidales	Rikenellaceae	Alistipes	
cmag_111	Bacteria	Firmicutes_A	Clostridia_A	Christensenellales	CAG-138	UBA5394	UBA5394 sp003150565
cmag_112	Bacteria	Firmicutes_A	Clostridia	Lachnospirales	Lachnospiraceae	CHKCI001	
cmag_113	Bacteria	Cyanobacteria	Vampirovibrionia	Gastranaerophilales	Gastranaerophilaceae		
cmag_114	Bacteria	Bacteroidota	Bacteroidia	Bacteroidales	UBA932	RC9	
cmag_115	Bacteria	Firmicutes_A	Clostridia	Lachnospirales	Lachnospiraceae	992a	
cmag_116	Bacteria	Firmicutes_A	Clostridia	Oscillospirales	Acutalibacteraceae	HGM12814	
cmag_117	Bacteria	Bacteroidota	Bacteroidia	Bacteroidales	Barnesiellaceae	Barnesiella	Barnesiella viscericola
cmag_118	Bacteria	Firmicutes_A	Clostridia	Oscillospirales	UBA644		
cmag_119	Bacteria	Firmicutes_A	Clostridia	TANB77	CAG-508	CAG-269	
cmag_120	Bacteria	Firmicutes_A	Clostridia	Lachnospirales	Lachnospiraceae	Sellimonas	Sellimonas sp002161525
cmag_121	Bacteria	Firmicutes_A	Clostridia	Oscillospirales	Ruminococcaceae	UMGS966	UMGS966 sp900547185
cmag_122	Bacteria	Firmicutes_A	Clostridia	Lachnospirales	Lachnospiraceae	CHKCI001	
cmag_123	Bacteria	Firmicutes_A	Clostridia	Lachnospirales	Lachnospiraceae	Lachnoclostridium_B	Lachnoclostridium_B sp002160985
cmag_124	Bacteria	Firmicutes_A	Clostridia_A	Christensenellales	UBA1242	UBA11517	
cmag_125	Bacteria	Firmicutes_A	Clostridia	Oscillospirales	Acutalibacteraceae		
cmag_126	Bacteria	Firmicutes_A	Clostridia	Lachnospirales	Lachnospiraceae	GCA-900066135	
cmag_127	Bacteria	Firmicutes_A	Clostridia	Clostridiales	Clostridiaceae	Clostridium	Clostridium cuniculi
cmag_128	Bacteria	Firmicutes_A	Clostridia	Lachnospirales	Lachnospiraceae	Ruminococcus_G	
cmag_129	Bacteria	Firmicutes_A	Clostridia	Lachnospirales	Lachnospiraceae	Blautia_A	
cmag_130	Bacteria	Firmicutes_A	Clostridia	Lachnospirales	Lachnospiraceae	Mediterraneibacter	
cmag_131	Bacteria	Firmicutes	Bacilli	RF39	UBA660	HGM10818	
cmag_132	Bacteria	Firmicutes_A	Clostridia	TANB77	CAG-465		
cmag_133	Bacteria	Firmicutes	Bacilli	Lactobacillales	Streptococcaceae	Streptococcus	Streptococcus alactolyticus
cmag_134	Bacteria	Firmicutes_A	Clostridia	Oscillospirales	Oscillospiraceae		
cmag_135	Bacteria	Cyanobacteria	Vampirovibrionia	Gastranaerophilales	RUG14156		
cmag_136	Bacteria	Firmicutes	Bacilli	Lactobacillales	Lactobacillaceae	Ligilactobacillus	Ligilactobacillus salivarius
cmag_137	Bacteria	Firmicutes_A	Clostridia	Lachnospirales	Lachnospiraceae	RUG12045	
cmag_138	Bacteria	Firmicutes_A	Clostridia	Monoglobales_A	UBA1381	12844	
cmag_139	Bacteria	Cyanobacteria	Vampirovibrionia	Gastranaerophilales	Gastranaerophilaceae	QAMI01	QAMI01 sp900554095
cmag_140	Bacteria	Firmicutes_A	Clostridia_A	Christensenellales	Borkfalkiaceae	UMGS1004	UMGS1004 sp900548845
cmag_141	Bacteria	Firmicutes_A	Clostridia_A	Christensenellales	UBA1242	UBA11517	UBA11517 sp900557645
cmag_142	Bacteria	Firmicutes_A	Clostridia	Oscillospirales	Ruminococcaceae	D5	
cmag_143	Bacteria	Firmicutes_A	Clostridia	Peptostreptococcales	Anaerovoracaceae	CAG-145	CAG-145 sp900542565
cmag_144	Bacteria	Firmicutes_A	Clostridia_A	Christensenellales	UBA1242	UBA11517	
cmag_145	Bacteria	Firmicutes_A	Clostridia_A	Christensenellales	CAG-552	UMGS1880	
cmag_146	Bacteria	Firmicutes	Bacilli	Lactobacillales	Lactobacillaceae	Limosilactobacillus	
cmag_147	Bacteria	Firmicutes_A	Clostridia	Lachnospirales	Lachnospiraceae	Blautia	
cmag_148	Bacteria	Firmicutes_A	Clostridia_A	Christensenellales	Borkfalkiaceae	UMGS1004	
cmag_149	Bacteria	Firmicutes	Bacilli	RF39	UBA660	CAG-451	
cmag_150	Bacteria	Firmicutes	Bacilli	RF39	UBA660	CAG-451	
cmag_151	Bacteria	Firmicutes_A	Clostridia	TANB77	CAG-508		
cmag_152	Bacteria	Firmicutes_A	Clostridia	Oscillospirales	Acutalibacteraceae		
cmag_153	Bacteria	Firmicutes_A	Clostridia	Lachnospirales	Lachnospiraceae	Blautia_A	
cmag_154	Bacteria	Firmicutes	Bacilli	Lactobacillales	Lactobacillaceae	Lactobacillus	
cmag_155	Bacteria	Bacteroidota	Bacteroidia	Bacteroidales	Rikenellaceae	Rikenella	Rikenella massiliensis
cmag_156	Bacteria	Firmicutes_A	Clostridia_A	Christensenellales	UBA1750	UBA7102	UBA7102 sp900760085
cmag_157	Bacteria	Firmicutes	Bacilli	RF39	UBA660	CAG-776	
cmag_158	Bacteria	Firmicutes_A	Clostridia	TANB77	CAG-508	CAG-269	
cmag_159	Bacteria	Firmicutes_A	Clostridia	Lachnospirales	Lachnospiraceae	Enterocloster	
cmag_160	Bacteria	Firmicutes_A	Clostridia	Lachnospirales	Lachnospiraceae	Eubacterium_I	
cmag_161	Bacteria	Firmicutes_A	Clostridia_A	Christensenellales	Borkfalkiaceae		
cmag_162	Bacteria	Firmicutes_A	Clostridia	Lachnospirales	Lachnospiraceae	Blautia_A	
cmag_163	Bacteria	Firmicutes_A	Clostridia_A	Christensenellales	UBA1242	UBA11517	
cmag_164	Bacteria	Firmicutes	Bacilli	RF39	UBA660	CAG-460	
cmag_165	Bacteria	Firmicutes_A	Clostridia	TANB77	CAG-465	CAG-465	
cmag_166	Bacteria	Firmicutes_A	Clostridia	Oscillospirales	Ruminococcaceae	UBA1375	UBA1375 sp002305795
cmag_167	Bacteria	Proteobacteria	Gammaproteobacteria	Enterobacterales	Enterobacteriaceae	Klebsiella	Klebsiella pneumoniae
cmag_168	Bacteria	Firmicutes_A	Clostridia	Monoglobales_A	UBA1381	UBA4716	
cmag_169	Bacteria	Firmicutes	Bacilli	RF39	UBA660	UMGS1217	
cmag_170	Bacteria	Firmicutes_A	Clostridia	Lachnospirales	Lachnospiraceae	An181	An181 sp002160325
cmag_171	Bacteria	Firmicutes_A	Clostridia	TANB77	CAG-508		
cmag_172	Bacteria	Firmicutes_A	Clostridia	Oscillospirales	Ruminococcaceae	Ruminococcus_D	Ruminococcus_D sp900752625
cmag_173	Bacteria	Firmicutes_A	Clostridia	Lachnospirales	Lachnospiraceae	CHKCI001	
cmag_174	Bacteria	Firmicutes	Bacilli	Lactobacillales	Lactobacillaceae	Limosilactobacillus	
cmag_175	Bacteria	Firmicutes_A	Clostridia	Lachnospirales	Lachnospiraceae	UMGS1370	
cmag_176	Bacteria	Firmicutes_A	Clostridia	Oscillospirales	Oscillospiraceae	Dysosmobacter	Dysosmobacter sp900556925
cmag_177	Bacteria	Firmicutes_A	Clostridia	Oscillospirales	Ruminococcaceae	Gemmiger	
cmag_178	Bacteria	Firmicutes_A	Clostridia	Oscillospirales	Ruminococcaceae	Gemmiger	
cmag_179	Bacteria	Firmicutes_A	Clostridia	Oscillospirales	Ruminococcaceae	NSJ-54	
cmag_180	Bacteria	Firmicutes	Bacilli	Erysipelotrichales	Erysipelotrichaceae	Merdibacter	Merdibacter sp900754715
cmag_181	Bacteria	Firmicutes_A	Clostridia	Oscillospirales	Acutalibacteraceae	Acutalibacter	Acutalibacter sp000435395
cmag_182	Bacteria	Firmicutes_A	Clostridia	Oscillospirales	Ruminococcaceae	UBA866	
cmag_183	Bacteria	Firmicutes_A	Clostridia	TANB77	CAG-508		
cmag_184	Bacteria	Firmicutes_A	Clostridia	Oscillospirales	Acutalibacteraceae		
cmag_185	Bacteria	Firmicutes_A	Clostridia	Lachnospirales	Lachnospiraceae		
cmag_186	Bacteria	Firmicutes_A	Clostridia	Lachnospirales	Lachnospiraceae	Blautia_A	
cmag_187	Bacteria	Bacteroidota	Bacteroidia	Bacteroidales	Rikenellaceae		
cmag_188	Bacteria	Firmicutes_A	Clostridia_A	Christensenellales	UBA1242	UBA4626	
cmag_189	Bacteria	Firmicutes	Bacilli	RF39	UBA660		
cmag_190	Bacteria	Firmicutes_A	Clostridia	Oscillospirales	Oscillospiraceae	UBA5446	UBA5446 sp900544765
cmag_191	Bacteria	Firmicutes_A	Clostridia	TANB77	CAG-508	CAG-269	
cmag_192	Bacteria	Firmicutes	Bacilli	RF39	UBA660	UMGS2016	
cmag_193	Bacteria	Firmicutes_A	Clostridia	Oscillospirales	CAG-272	RUG14240	
cmag_194	Bacteria	Firmicutes_A	Clostridia	Oscillospirales	CAG-382	UCG-010	
cmag_195	Bacteria	Firmicutes_A	Clostridia	Oscillospirales	BX7	JAAYBB01	
cmag_196	Bacteria	Cyanobacteria	Vampirovibrionia	Gastranaerophilales	RUG14156		
cmag_197	Bacteria	Deferribacterota	Deferribacteres	Deferribacterales	Mucispirillaceae	Mucispirillum	
cmag_198	Bacteria	Firmicutes_A	Clostridia	Lachnospirales	Lachnospiraceae	Acetatifactor	
cmag_199	Bacteria	Firmicutes	Bacilli	RF39	UBA660	CAG-451	
cmag_200	Bacteria	Firmicutes_A	Clostridia_A	Christensenellales	CAG-138	UMGS946	UMGS946 sp900544965
cmag_201	Bacteria	Firmicutes_A	Clostridia	Oscillospirales	Acutalibacteraceae		
cmag_202	Bacteria	Firmicutes_A	Clostridia	Lachnospirales	Lachnospiraceae	Fusicatenibacter	
cmag_203	Bacteria	Firmicutes_A	Clostridia_A	Christensenellales	CAG-74	OEMS01	
cmag_204	Bacteria	Firmicutes_A	Clostridia	Oscillospirales	Oscillospiraceae	UBA5446	
cmag_205	Bacteria	Firmicutes_A	Clostridia	Oscillospirales	CAG-272	QALR01	
cmag_206	Bacteria	Proteobacteria	Alphaproteobacteria	RF32	CAG-239	CAG-495	
cmag_207	Bacteria	Firmicutes_A	Clostridia	Lachnospirales	Lachnospiraceae	Anaerobutyricum	
cmag_208	Bacteria	Firmicutes_A	Clostridia	Oscillospirales	Butyricicoccaceae	SCN-57-10	
cmag_209	Bacteria	Firmicutes_A	Clostridia	Oscillospirales	Ruminococcaceae	QAMM01	QAMM01 sp900552945
cmag_210	Bacteria	Firmicutes_A	Clostridia	TANB77	CAG-508		
cmag_211	Bacteria	Firmicutes_A	Clostridia	Lachnospirales	Lachnospiraceae	UBA9502	
cmag_212	Bacteria	Firmicutes_A	Clostridia	Oscillospirales	Oscillospiraceae	Dysosmobacter	
cmag_213	Bacteria	Firmicutes_A	Clostridia	TANB77	CAG-465	CAG-465	
cmag_214	Bacteria	Firmicutes_A	Clostridia	Oscillospirales	Ruminococcaceae	UBA866	
cmag_215	Bacteria	Firmicutes_A	Clostridia_A	Christensenellales	UBA1242	UBA4626	
cmag_216	Bacteria	Desulfobacterota	Desulfovibrionia	Desulfovibrionales	Desulfovibrionaceae	Mailhella	Mailhella sp900541395
cmag_217	Bacteria	Firmicutes	Bacilli	RF39	UBA660	CAG-451	
cmag_218	Bacteria	Firmicutes_A	Clostridia	Lachnospirales	Lachnospiraceae	Eisenbergiella	Eisenbergiella sp003343625
cmag_219	Bacteria	Firmicutes_A	Clostridia	Lachnospirales	Lachnospiraceae	Mediterraneibacter	
cmag_220	Bacteria	Desulfobacterota	Desulfovibrionia	Desulfovibrionales	Desulfovibrionaceae	Mailhella	
cmag_221	Bacteria	Bacteroidota	Bacteroidia	Bacteroidales	Rikenellaceae		
cmag_222	Bacteria	Firmicutes_A	Clostridia_A	Christensenellales	Borkfalkiaceae	UBA11940	
cmag_223	Bacteria	Bacteroidota	Bacteroidia	Bacteroidales	Coprobacteraceae		
cmag_224	Bacteria	Firmicutes_A	Clostridia	Lachnospirales	Anaerotignaceae	UMGS1670	
cmag_225	Bacteria	Proteobacteria	Gammaproteobacteria	Burkholderiales	Burkholderiaceae	Duodenibacillus	
cmag_226	Bacteria	Firmicutes_A	Clostridia	Oscillospirales	Acutalibacteraceae	UMGS1591	
cmag_227	Bacteria	Firmicutes_A	Clostridia	Lachnospirales	Lachnospiraceae	Merdimonas	Merdimonas faecis
cmag_228	Bacteria	Firmicutes_A	Clostridia	Lachnospirales	Lachnospiraceae	Blautia	Blautia sp900765525
cmag_229	Bacteria	Firmicutes_A	Clostridia	Lachnospirales	Lachnospiraceae	Lachnospira	
cmag_230	Bacteria	Firmicutes	Bacilli	RF39	UBA660	CAG-877	
cmag_231	Bacteria	Firmicutes	Bacilli	Lactobacillales	Lactobacillaceae	Limosilactobacillus	Limosilactobacillus reuteri_E
cmag_232	Bacteria	Firmicutes_A	Clostridia	Oscillospirales	Acutalibacteraceae	UMGS1591	UMGS1591 sp900553255
cmag_233	Bacteria	Firmicutes_A	Clostridia	Lachnospirales	Anaerotignaceae	UMGS1670	
cmag_234	Bacteria	Firmicutes_A	Clostridia	TANB77	CAG-508	CAG-269	
cmag_235	Bacteria	Firmicutes_A	Clostridia	Lachnospirales	Lachnospiraceae	Anaerobutyricum	Anaerobutyricum sp002161065
cmag_236	Bacteria	Firmicutes_A	Clostridia	Lachnospirales	Lachnospiraceae		
cmag_237	Bacteria	Firmicutes_A	Clostridia	Oscillospirales	Ruminococcaceae	UBA1448	
cmag_238	Bacteria	Firmicutes_A	Clostridia	Lachnospirales	Lachnospiraceae	Anaerostipes	
cmag_239	Bacteria	Firmicutes_A	Clostridia	Oscillospirales	Oscillospiraceae		
cmag_240	Bacteria	Firmicutes_A	Clostridia	Oscillospirales	Acutalibacteraceae	Eubacterium_R	Eubacterium_R sp000431535
cmag_241	Bacteria	Firmicutes_A	Clostridia	Lachnospirales	Anaerotignaceae	UBA8514	
cmag_242	Bacteria	Firmicutes_A	Clostridia	TANB77	CAG-508	CAG-793	
cmag_243	Bacteria	Bacteroidota	Bacteroidia	Bacteroidales	Rikenellaceae	Alistipes	
cmag_244	Bacteria	Verrucomicrobiota	Verrucomicrobiae	Opitutales	CAG-312	CAG-312	CAG-312 sp001917305
cmag_245	Bacteria	Firmicutes_C	Negativicutes	Acidaminococcales	Acidaminococcaceae	Phascolarctobacterium	Phascolarctobacterium sp000436095
cmag_246	Bacteria	Firmicutes_A	Clostridia_A	Christensenellales	Borkfalkiaceae	Borkfalkia	
cmag_247	Bacteria	Firmicutes_A	Clostridia	Oscillospirales	Ruminococcaceae	Gemmiger	
cmag_248	Bacteria	Bacteroidota	Bacteroidia	Bacteroidales	Tannerellaceae	Parabacteroides	Parabacteroides merdae
cmag_249	Bacteria	Firmicutes	Bacilli	RF39	UBA660	CAG-451	
cmag_250	Bacteria	Firmicutes_A	Clostridia_A	Christensenellales	CAG-138	UBA1685	
cmag_251	Bacteria	Desulfobacterota	Desulfovibrionia	Desulfovibrionales	Desulfovibrionaceae	Bilophila	
cmag_252	Bacteria	Proteobacteria	Gammaproteobacteria	Burkholderiales	Burkholderiaceae	Parasutterella	Parasutterella excrementihominis
cmag_253	Bacteria	Firmicutes_C	Negativicutes	Veillonellales	Megasphaeraceae	Megasphaera	Megasphaera elsdenii
cmag_254	Bacteria	Verrucomicrobiota	Lentisphaeria	Victivallales	Victivallaceae	Victivallis	Victivallis sp002998355
cmag_255	Bacteria	Verrucomicrobiota	Lentisphaeria	Victivallales	Victivallaceae	UMGS1518	
cmag_256	Bacteria	Firmicutes_A	Clostridia_A	Christensenellales	Borkfalkiaceae	UBA11940	UBA11940 sp900549005
cmag_257	Bacteria	Desulfobacterota	Desulfovibrionia	Desulfovibrionales	Desulfovibrionaceae	Bilophila	Bilophila sp900550745
cmag_258	Bacteria	Firmicutes_A	Clostridia	Oscillospirales	Acutalibacteraceae	Hydrogeniiclostridium	
cmag_259	Bacteria	Firmicutes_A	Clostridia	Lachnospirales	Lachnospiraceae		
cmag_260	Bacteria	Firmicutes_A	Clostridia	Oscillospirales	Oscillospiraceae	UMGS1872	
cmag_261	Bacteria	Firmicutes_A	Clostridia	TANB77	CAG-508	CAG-269	
cmag_262	Bacteria	Firmicutes_A	Clostridia	Lachnospirales	Lachnospiraceae		
cmag_263	Bacteria	Firmicutes_A	Clostridia_A	Christensenellales	UBA1242	UBA11517	
cmag_264	Bacteria	Firmicutes	Bacilli	RF39	UBA660	CAG-460	
cmag_265	Bacteria	Firmicutes_A	Clostridia	Peptostreptococcales	Peptostreptococcaceae	Romboutsia	
cmag_266	Bacteria	Desulfobacterota	Desulfovibrionia	Desulfovibrionales	Desulfovibrionaceae	Desulfovibrio	Desulfovibrio sp900556755
cmag_267	Bacteria	Firmicutes	Bacilli	Lactobacillales	Lactobacillaceae	Ligilactobacillus	Ligilactobacillus agilis
cmag_268	Bacteria	Firmicutes_A	Clostridia	Lachnospirales	Lachnospiraceae	Lachnoclostridium_A	
cmag_269	Bacteria	Firmicutes_A	Clostridia	Lachnospirales	Lachnospiraceae		
cmag_270	Bacteria	Firmicutes_A	Clostridia	TANB77	CAG-508	CAG-269	
cmag_271	Bacteria	Bacteroidota	Bacteroidia	Bacteroidales	Bacteroidaceae	Phocaeicola	Phocaeicola barnesiae
cmag_272	Bacteria	Firmicutes_A	Clostridia	TANB77	CAG-508	CAG-273	
cmag_273	Bacteria	Firmicutes_A	Clostridia	Lachnospirales	Lachnospiraceae	UBA3402	
cmag_274	Archaea	Methanobacteriota	Methanobacteria	Methanobacteriales	Methanobacteriaceae	Methanobrevibacter_A	Methanobrevibacter_A woesei
cmag_275	Bacteria	Firmicutes	Bacilli	Erysipelotrichales	Erysipelotrichaceae	Holdemania	
cmag_276	Bacteria	Firmicutes_A	Clostridia_A	Christensenellales	UBA1242		
cmag_277	Bacteria	Desulfobacterota	Desulfovibrionia	Desulfovibrionales	Desulfovibrionaceae	Mailhella	Mailhella sp900555975
cmag_278	Bacteria	Firmicutes_A	Clostridia	Lachnospirales	Lachnospiraceae		
cmag_279	Bacteria	Firmicutes_A	Clostridia_A	Christensenellales	CAG-74	Firm-11	Firm-11 sp900540045
cmag_280	Bacteria	Firmicutes_A	Clostridia_A	Christensenellales	UBA1242	UBA11517	
cmag_281	Bacteria	Firmicutes_A	Clostridia_A	Christensenellales	Borkfalkiaceae	Borkfalkia	
cmag_282	Bacteria	Firmicutes_A	Clostridia_A	Christensenellales	Borkfalkiaceae	UMGS1004	UMGS1004 sp900547645
cmag_283	Bacteria	Firmicutes_A	Clostridia_A	Christensenellales	Borkfalkiaceae	UMGS1004	
cmag_284	Bacteria	Firmicutes	Bacilli	RF39	UBA660	UMGS1572	UMGS1572 sp900553045
cmag_285	Bacteria	Firmicutes_A	Clostridia	Oscillospirales	Oscillospiraceae	UBA5446	
cmag_286	Bacteria	Firmicutes_A	Clostridia_A	Christensenellales	Borkfalkiaceae	UMGS1004	
cmag_287	Bacteria	Firmicutes	Bacilli	RF39	UBA660	CAG-451	
cmag_288	Bacteria	Firmicutes_A	Clostridia	Oscillospirales	Acutalibacteraceae	UBA4871	
cmag_289	Bacteria	Firmicutes_A	Clostridia	Oscillospirales	Oscillospiraceae	CAG-110	
cmag_290	Bacteria	Firmicutes	Bacilli	RF39	UBA660	UMGS2068	
cmag_291	Bacteria	Firmicutes_A	Clostridia	Oscillospirales	Acutalibacteraceae	Clostridium_A	
cmag_292	Bacteria	Firmicutes_A	Clostridia	TANB77	CAG-508	CAG-269	
cmag_293	Bacteria	Firmicutes_A	Clostridia_A	Christensenellales	UBA3700	CABKMX01	
cmag_294	Bacteria	Firmicutes_A	Clostridia_A	Christensenellales	UBA1242	UBA6345	
cmag_295	Bacteria	Firmicutes_A	Clostridia	Lachnospirales	Lachnospiraceae	Mediterraneibacter	
cmag_296	Bacteria	Firmicutes_A	Clostridia	TANB77	CAG-508	CAG-354	CAG-354 sp001915925
cmag_297	Bacteria	Firmicutes_A	Clostridia_A	Christensenellales	Borkfalkiaceae	UBA11940	
cmag_298	Bacteria	Firmicutes_A	Clostridia	Lachnospirales	Lachnospiraceae	Anaerosacchariphilus	Anaerosacchariphilus sp002160765
cmag_299	Bacteria	Firmicutes	Bacilli	Erysipelotrichales	Erysipelotrichaceae	Massilicoli	Massilicoli timonensis
cmag_300	Bacteria	Firmicutes_A	Clostridia	Oscillospirales	Oscillospiraceae	UMGS1872	
cmag_301	Bacteria	Firmicutes	Bacilli	RF39	UBA660	HGM10873	HGM10873 sp900753645
cmag_302	Bacteria	Firmicutes	Bacilli	RF39	UBA660	CAG-451	
cmag_303	Bacteria	Firmicutes_A	Clostridia_A	Christensenellales	UBA1242	UBA4626	
cmag_304	Bacteria	Firmicutes_A	Clostridia	Oscillospirales	Butyricicoccaceae	Agathobaculum	
cmag_305	Bacteria	Firmicutes_A	Clostridia_A	Christensenellales	UBA1242	UBA6345	
cmag_306	Bacteria	Firmicutes_A	Clostridia	Oscillospirales	Oscillospiraceae	Pseudoflavonifractor	
cmag_307	Bacteria	Firmicutes	Bacilli	RF39	UBA660	HGM10873	
cmag_308	Bacteria	Firmicutes_A	Clostridia	Lachnospirales	Anaerotignaceae	ASF356	
cmag_309	Bacteria	Firmicutes_A	Clostridia	Oscillospirales	Oscillospiraceae	Flavonifractor	
cmag_310	Bacteria	Firmicutes_A	Clostridia	Oscillospirales	Butyricicoccaceae	Butyricicoccus	
cmag_311	Bacteria	Firmicutes	Bacilli	RF39	UBA660	HGM10873	
cmag_312	Bacteria	Cyanobacteria	Vampirovibrionia	Gastranaerophilales	Gastranaerophilaceae	Zag1	Zag1 sp000438175
cmag_313	Bacteria	Firmicutes_A	Clostridia	TANB77	CAG-508	UBA7001	UBA7001 sp900553685
cmag_314	Bacteria	Bacteroidota	Bacteroidia	Bacteroidales	Bacteroidaceae	Bacteroides	Bacteroides congonensis
cmag_315	Bacteria	Firmicutes_A	Clostridia	Lachnospirales	Lachnospiraceae	Blautia_A	
cmag_316	Bacteria	Firmicutes_A	Clostridia_A	Christensenellales	UBA1242	UBA11517	
cmag_317	Bacteria	Firmicutes_A	Clostridia_A	Christensenellales	UBA1242	UBA11517	
cmag_318	Bacteria	Firmicutes	Bacilli	RF39	UBA660	CAG-451	
cmag_319	Bacteria	Firmicutes	Bacilli	RF39	UBA660	HGM10818	
cmag_320	Bacteria	Bacteroidota	Bacteroidia	Bacteroidales	Bacteroidaceae	Phocaeicola	Phocaeicola dorei
cmag_321	Bacteria	Firmicutes_A	Clostridia_A	Christensenellales	Borkfalkiaceae	Borkfalkia	
cmag_322	Bacteria	Firmicutes_A	Clostridia	Oscillospirales	Acutalibacteraceae	Acutalibacter	
cmag_323	Bacteria	Firmicutes_A	Clostridia	TANB77	CAG-508	CAG-273	
cmag_324	Bacteria	Firmicutes_A	Clostridia	Lachnospirales	Lachnospiraceae	Mediterraneibacter	
cmag_325	Bacteria	Firmicutes_A	Clostridia	Oscillospirales	Butyricicoccaceae	Butyricicoccus	Butyricicoccus sp900604335
cmag_326	Bacteria	Firmicutes_A	Clostridia	Lachnospirales	Lachnospiraceae	Enterocloster	
cmag_327	Bacteria	Firmicutes	Bacilli	Lactobacillales	Lactobacillaceae	Lactobacillus	Lactobacillus crispatus
cmag_328	Bacteria	Firmicutes_A	Clostridia	Oscillospirales	Oscillospiraceae	UBA5446	
cmag_329	Bacteria	Firmicutes_A	Clostridia	Oscillospirales	Ruminococcaceae	UMGS1826	
cmag_330	Bacteria	Firmicutes_A	Clostridia_A	Christensenellales	Borkfalkiaceae	Borkfalkia	
cmag_331	Bacteria	Cyanobacteria	Vampirovibrionia	Gastranaerophilales	Gastranaerophilaceae	QAMI01	
cmag_332	Bacteria	Campylobacterota	Campylobacteria	Campylobacterales	Helicobacteraceae	Helicobacter_D	Helicobacter_D pullorum
cmag_333	Bacteria	Cyanobacteria	Vampirovibrionia	Gastranaerophilales	Gastranaerophilaceae	CAG-484	
cmag_334	Bacteria	Firmicutes_A	Clostridia	TANB77	CAG-508	CAG-273	
cmag_335	Bacteria	Firmicutes_A	Clostridia	Oscillospirales	Ruminococcaceae	Faecalibacterium	Faecalibacterium sp002160895
cmag_336	Bacteria	Cyanobacteria	Vampirovibrionia	Gastranaerophilales			
cmag_337	Bacteria	Firmicutes_A	Clostridia	Lachnospirales	Lachnospiraceae	Mediterraneibacter	
cmag_338	Bacteria	Firmicutes_A	Clostridia	Oscillospirales	Butyricicoccaceae	Agathobaculum	
cmag_339	Bacteria	Firmicutes_A	Clostridia_A	Christensenellales	Borkfalkiaceae	Borkfalkia	
cmag_340	Bacteria	Firmicutes_A	Clostridia	TANB77	CAG-508	CAG-273	
cmag_341	Bacteria	Firmicutes_A	Clostridia	Lachnospirales	Lachnospiraceae	Blautia	
cmag_342	Bacteria	Firmicutes_A	Clostridia_A	Christensenellales	Borkfalkiaceae	Borkfalkia	
cmag_343	Bacteria	Firmicutes_A	Clostridia	Oscillospirales	Ruminococcaceae	UBA1375	
cmag_344	Bacteria	Firmicutes_A	Clostridia	Lachnospirales	Lachnospiraceae		
cmag_345	Bacteria	Firmicutes_A	Clostridia	Lachnospirales	Lachnospiraceae	Eisenbergiella	
cmag_346	Bacteria	Firmicutes_A	Clostridia_A	Christensenellales	Borkfalkiaceae	UBA11940	
cmag_347	Bacteria	Firmicutes_A	Clostridia	Oscillospirales	Oscillospiraceae	Dysosmobacter	
cmag_348	Bacteria	Firmicutes	Bacilli	RF39	UBA660	CAG-988	CAG-988 sp003149915
cmag_349	Bacteria	Firmicutes_A	Clostridia	Lachnospirales	Lachnospiraceae	Mediterraneibacter	
cmag_350	Bacteria	Firmicutes_A	Clostridia_A	Christensenellales	UBA1242	UBA11517	
cmag_351	Bacteria	Firmicutes_A	Clostridia_A	Christensenellales	CAG-74	UMGS1600	UMGS1600 sp900553295
cmag_352	Bacteria	Firmicutes_A	Clostridia	Oscillospirales	Ruminococcaceae	UBA1448	
cmag_353	Bacteria	Firmicutes	Bacilli	RF39	UBA660	CAG-822	
cmag_354	Bacteria	Firmicutes_A	Clostridia_A	Christensenellales	Borkfalkiaceae	Borkfalkia	
cmag_355	Bacteria	Firmicutes	Bacilli	Erysipelotrichales	Erysipelatoclostridiaceae	Massiliomicrobiota	Massiliomicrobiota sp002160865
cmag_356	Bacteria	Firmicutes_A	Clostridia	TANB77	CAG-508	CAG-273	
cmag_357	Bacteria	Firmicutes	Bacilli	RF39	UBA660	CAG-460	
cmag_358	Bacteria	Firmicutes_A	Clostridia	TANB77	CAG-508	CAG-273	
cmag_359	Bacteria	Firmicutes_A	Clostridia_A	Christensenellales	Borkfalkiaceae	UMGS1004	
cmag_360	Bacteria	Firmicutes_A	Clostridia	TANB77	CAG-508	CAG-269	
cmag_361	Bacteria	Firmicutes_A	Clostridia	Lachnospirales	Lachnospiraceae	Mediterraneibacter	
cmag_362	Bacteria	Firmicutes	Bacilli	RF39	UBA660	CAG-988	
cmag_363	Bacteria	Cyanobacteria	Vampirovibrionia	Gastranaerophilales	Gastranaerophilaceae		
cmag_364	Bacteria	Firmicutes_A	Clostridia	Oscillospirales	Acutalibacteraceae	Hydrogeniiclostridium	
cmag_365	Bacteria	Firmicutes_A	Clostridia	TANB77	CAG-465		
cmag_366	Bacteria	Firmicutes_A	Clostridia	TANB77	CAG-508	CAG-273	
cmag_367	Bacteria	Firmicutes_A	Clostridia	TANB77	CAG-508	UBA7001	
cmag_368	Bacteria	Bacteroidota	Bacteroidia	Bacteroidales	Rikenellaceae	Alistipes	Alistipes sp002161445
cmag_369	Bacteria	Firmicutes_A	Clostridia_A	Christensenellales	Borkfalkiaceae	QALS01	
cmag_370	Bacteria	Firmicutes_A	Clostridia	Oscillospirales	Ruminococcaceae	UMGS1826	
cmag_371	Bacteria	Firmicutes	Bacilli	Erysipelotrichales	Erysipelotrichaceae	Merdibacter	
cmag_372	Bacteria	Firmicutes_A	Clostridia	Oscillospirales	Acutalibacteraceae	CAG-180	
cmag_373	Bacteria	Firmicutes_A	Clostridia	Oscillospirales	Oscillospiraceae		
cmag_374	Bacteria	Firmicutes_A	Clostridia	Oscillospirales	Acutalibacteraceae	UMGS1397	
cmag_375	Bacteria	Firmicutes_A	Clostridia	Oscillospirales	Ruminococcaceae	Gemmiger	
cmag_376	Bacteria	Firmicutes_A	Clostridia	TANB77	CAG-508	CAG-273	
cmag_377	Bacteria	Firmicutes_A	Clostridia	TANB77	CAG-508	CAG-273	
cmag_378	Bacteria	Firmicutes_A	Clostridia_A	Christensenellales	UBA1242	UBA11517	
cmag_379	Bacteria	Firmicutes_A	Clostridia	Oscillospirales	Ruminococcaceae	Faecalibacterium	
cmag_380	Bacteria	Firmicutes_A	Clostridia	TANB77	CAG-508	CAG-793	
cmag_381	Bacteria	Firmicutes_A	Clostridia_A	Christensenellales	CAG-552	UMGS1880	
cmag_382	Bacteria	Proteobacteria	Gammaproteobacteria	Burkholderiales	Burkholderiaceae	Parasutterella	Parasutterella sp000980495
cmag_383	Bacteria	Firmicutes_A	Clostridia_A	Christensenellales	Borkfalkiaceae	Borkfalkia	
cmag_384	Bacteria	Firmicutes	Bacilli	RF39	UBA660	UMGS1217	
cmag_385	Bacteria	Firmicutes_A	Clostridia_A	Christensenellales	Borkfalkiaceae	Borkfalkia	
cmag_386	Bacteria	Firmicutes_B	Dehalobacteriia	UBA4068	UBA5755		
cmag_387	Bacteria	Firmicutes_A	Clostridia	TANB77	CAG-508	UMGS1994	
cmag_388	Bacteria	Firmicutes_A	Clostridia_A	Christensenellales	UBA1242	UBA4626	
cmag_389	Bacteria	Firmicutes_A	Clostridia	TANB77	CAG-508	CAG-273	
cmag_390	Bacteria	Firmicutes_A	Clostridia	TANB77	CAG-508	UBA7001	
cmag_391	Bacteria	Bacteroidota	Bacteroidia	Bacteroidales	Rikenellaceae	Alistipes	Alistipes sp900544265
cmag_392	Bacteria	Bacteroidota	Bacteroidia	Bacteroidales	Rikenellaceae	Alistipes	
cmag_393	Bacteria	Bacteroidota	Bacteroidia	Bacteroidales	Bacteroidaceae	Bacteroides	Bacteroides eggerthii
cmag_394	Bacteria	Proteobacteria	Gammaproteobacteria	Burkholderiales	Burkholderiaceae	CAG-521	
cmag_395	Bacteria	Campylobacterota	Campylobacteria	Campylobacterales	Campylobacteraceae	Campylobacter_D	Campylobacter_D jejuni
cmag_396	Bacteria	Firmicutes_A	Clostridia	TANB77	CAG-508	CAG-269	
cmag_397	Bacteria	Firmicutes_A	Clostridia_A	Christensenellales	Borkfalkiaceae	QALS01	
cmag_398	Bacteria	Firmicutes	Bacilli	RF39	UBA660	UMGS1217	
cmag_399	Bacteria	Firmicutes_A	Clostridia	TANB77	CAG-508	CAG-269	
cmag_400	Bacteria	Firmicutes_A	Clostridia	Lachnospirales	Lachnospiraceae	Mediterraneibacter	
cmag_401	Bacteria	Firmicutes	Bacilli	RF39	UBA660	CAG-877	CAG-877 sp900554305
cmag_402	Bacteria	Cyanobacteria	Vampirovibrionia	Gastranaerophilales	Gastranaerophilaceae	CAG-306	
cmag_403	Bacteria	Firmicutes_A	Clostridia	Oscillospirales	Ruminococcaceae	Anaerotruncus	Anaerotruncus colihominis
cmag_404	Bacteria	Firmicutes_A	Clostridia	TANB77	CAG-508	CAG-269	
cmag_405	Bacteria	Firmicutes_A	Clostridia	Oscillospirales	Ruminococcaceae	Negativibacillus	Negativibacillus massiliensis
cmag_406	Bacteria	Firmicutes_A	Clostridia	Oscillospirales	Oscillospiraceae	UBA9475	
cmag_407	Bacteria	Firmicutes_A	Clostridia	Oscillospirales	Oscillospiraceae	UBA5446	UBA5446 sp900543085
cmag_408	Bacteria	Firmicutes_A	Clostridia	Oscillospirales	Oscillospiraceae		
cmag_409	Bacteria	Firmicutes	Bacilli	Erysipelotrichales	Erysipelatoclostridiaceae	Massiliomicrobiota	Massiliomicrobiota sp002160815
cmag_410	Bacteria	Firmicutes_A	Clostridia	Oscillospirales	Ruminococcaceae	UBA1448	
cmag_411	Bacteria	Firmicutes_A	Clostridia	Oscillospirales	Ruminococcaceae	Ruthenibacterium	
cmag_412	Bacteria	Firmicutes_A	Clostridia	Oscillospirales	Acutalibacteraceae	UBA737	
cmag_413	Bacteria	Firmicutes_A	Clostridia	TANB77	CAG-508	CAG-269	
cmag_414	Bacteria	Firmicutes_A	Clostridia	TANB77	CAG-508	CAG-269	
cmag_415	Bacteria	Bacteroidota	Bacteroidia	Bacteroidales	Bacteroidaceae	Bacteroides	Bacteroides togonis
cmag_416	Bacteria	Bacteroidota	Bacteroidia	Bacteroidales	Bacteroidaceae	Phocaeicola	Phocaeicola sp900540105
cmag_417	Bacteria	Proteobacteria	Gammaproteobacteria	Burkholderiales	Burkholderiaceae	CAG-521	CAG-521 sp900544345
cmag_418	Bacteria	Firmicutes_A	Clostridia	Lachnospirales	Lachnospiraceae	Blautia	
cmag_419	Bacteria	Firmicutes_A	Clostridia	Lachnospirales	Lachnospiraceae	Lachnoclostridium_B	Lachnoclostridium_B sp000765215
cmag_420	Bacteria	Bacteroidota	Bacteroidia	Bacteroidales	Barnesiellaceae	Barnesiella	Barnesiella sp002159975
cmag_421	Bacteria	Desulfobacterota	Desulfovibrionia	Desulfovibrionales	Desulfovibrionaceae	Mailhella	Mailhella sp003150275
cmag_422	Bacteria	Bacteroidota	Bacteroidia	Bacteroidales	Bacteroidaceae	Bacteroides	Bacteroides clarus
cmag_423	Bacteria	Bacteroidota	Bacteroidia	Bacteroidales	Coprobacteraceae	Coprobacter	Coprobacter secundus
cmag_424	Bacteria	Bacteroidota	Bacteroidia	Bacteroidales	Marinifilaceae	Butyricimonas	
cmag_425	Bacteria	Firmicutes_A	Clostridia_A	Christensenellales	UBA1242	UBA11517	
cmag_426	Bacteria	Firmicutes_A	Clostridia	Lachnospirales	Lachnospiraceae	Eisenbergiella	
cmag_427	Bacteria	Firmicutes_A	Clostridia	Lachnospirales	Lachnospiraceae	Mediterraneibacter	Mediterraneibacter sp900761655
cmag_428	Bacteria	Firmicutes	Bacilli	RF39	UBA660	CAG-822	CAG-822 sp000432855
cmag_429	Bacteria	Actinobacteriota	Coriobacteriia	Coriobacteriales	Atopobiaceae	Olsenella_E	Olsenella_E sp002305805
cmag_430	Archaea	Thermoplasmatota	Thermoplasmata	Methanomassiliicoccales	Methanomassiliicoccaceae	Methanomassiliicoccus_A	
cmag_431	Bacteria	Firmicutes_A	Clostridia_A	Christensenellales	Borkfalkiaceae	Borkfalkia	Borkfalkia sp900761665
cmag_432	Bacteria	Actinobacteriota	Coriobacteriia	Coriobacteriales	Atopobiaceae	Olsenella_E	
cmag_433	Bacteria	Actinobacteriota	Coriobacteriia	Coriobacteriales	Coriobacteriaceae	Enorma	Enorma massiliensis
cmag_434	Bacteria	Firmicutes_A	Clostridia_A	Christensenellales	CAG-74	HGM11575	
cmag_435	Bacteria	Firmicutes	Bacilli	RF39	UBA660	CAG-460	CAG-460 sp900546715
cmag_436	Bacteria	Firmicutes_A	Clostridia_A	Christensenellales	CAG-552	UMGS1795	UMGS1795 sp900553555
cmag_437	Bacteria	Bacteroidota	Bacteroidia	Bacteroidales	Barnesiellaceae	Barnesiella	Barnesiella sp900538705
cmag_438	Bacteria	Firmicutes_A	Clostridia_A	Christensenellales	CAG-552	UBA10677	UBA10677 sp900543755
cmag_439	Bacteria	Bacteroidota	Bacteroidia	Bacteroidales	Rikenellaceae	Alistipes	Alistipes sp900546065
cmag_440	Bacteria	Cyanobacteria	Vampirovibrionia	Gastranaerophilales	Gastranaerophilaceae	CAG-484	CAG-484 sp000431315
cmag_441	Bacteria	Firmicutes_A	Clostridia	Oscillospirales	Ruminococcaceae	HGM13222	
cmag_442	Bacteria	Actinobacteriota	Coriobacteriia	Coriobacteriales	Coriobacteriaceae	An2-A	
cmag_443	Bacteria	Firmicutes_A	Clostridia	TANB77	CAG-508	UMGS1864	
cmag_444	Bacteria	Firmicutes_A	Clostridia_A	Christensenellales	CAG-552	UMGS1880	UMGS1880 sp900761765
cmag_445	Bacteria	Bacteroidota	Bacteroidia	Bacteroidales	Bacteroidaceae	Phocaeicola	Phocaeicola sp900546095
cmag_446	Bacteria	Firmicutes_A	Clostridia	Oscillospirales	Ruminococcaceae	UBA1448	
cmag_447	Bacteria	Firmicutes_A	Clostridia	Oscillospirales	Oscillospiraceae	UMGS1872	UMGS1872 sp900549475
cmag_448	Bacteria	Firmicutes	Bacilli	Acholeplasmatales	Anaeroplasmataceae	UMGS268	UMGS268 sp900540175
cmag_449	Bacteria	Firmicutes	Bacilli	RF39	UBA660	CAG-302	
cmag_450	Bacteria	Firmicutes	Bacilli	RF39	UBA660	CAG-594	
cmag_451	Bacteria	Firmicutes_A	Clostridia_A	Christensenellales	Borkfalkiaceae	Borkfalkia	Borkfalkia sp900761675
cmag_452	Bacteria	Firmicutes_A	Clostridia	Oscillospirales	Ruminococcaceae	UMGS1826	
cmag_453	Bacteria	Firmicutes_A	Clostridia	Oscillospirales	Oscillospiraceae	Flavonifractor	Flavonifractor sp002161215
cmag_454	Bacteria	Bacteroidota	Bacteroidia	Bacteroidales	Rikenellaceae	Tidjanibacter	Tidjanibacter inops_A
cmag_455	Bacteria	Proteobacteria	Gammaproteobacteria	Burkholderiales	Burkholderiaceae	Sutterella	
cmag_456	Bacteria	Firmicutes_A	Clostridia_A	Christensenellales	CAG-917	UMGS1688	
cmag_457	Bacteria	Cyanobacteria	Vampirovibrionia	Gastranaerophilales	RUG14156		
cmag_458	Bacteria	Proteobacteria	Alphaproteobacteria	RF32	CAG-239	CAG-495	
cmag_459	Bacteria	Proteobacteria	Alphaproteobacteria	RF32	CAG-239	CAG-267	CAG-267 sp001917135
cmag_460	Bacteria	Firmicutes_A	Clostridia	Lachnospirales	Lachnospiraceae	Frisingicoccus	Frisingicoccus sp900753685
cmag_461	Bacteria	Firmicutes_A	Clostridia_A	Christensenellales	Borkfalkiaceae	UMGS1004	
cmag_462	Bacteria	Bacteroidota	Bacteroidia	Bacteroidales	Bacteroidaceae	Phocaeicola	Phocaeicola plebeius_A
cmag_463	Bacteria	Firmicutes_A	Clostridia	Oscillospirales	Oscillospiraceae	Flavonifractor	Flavonifractor sp002161085
cmag_464	Bacteria	Firmicutes	Bacilli	Lactobacillales	Lactobacillaceae	Lactobacillus	Lactobacillus gallinarum
cmag_465	Bacteria	Bacteroidota	Bacteroidia	Flavobacteriales	UBA1820	UBA1820	UBA1820 sp002314265
cmag_466	Bacteria	Firmicutes_A	Clostridia	Oscillospirales	Acutalibacteraceae	UBA7067	
cmag_467	Bacteria	Cyanobacteria	Vampirovibrionia	Gastranaerophilales	RUG14156		
cmag_468	Bacteria	Firmicutes_A	Clostridia	TANB77	CAG-508	CAG-269	
cmag_469	Bacteria	Firmicutes_A	Clostridia	Lachnospirales	Lachnospiraceae	Eisenbergiella	
cmag_470	Bacteria	Firmicutes_A	Clostridia	Oscillospirales	Oscillospiraceae	Dysosmobacter	
cmag_471	Bacteria	Firmicutes_A	Clostridia_A	Christensenellales	UBA3700	CABKMX01	
cmag_472	Bacteria	Firmicutes	Bacilli	Erysipelotrichales	Erysipelatoclostridiaceae	Erysipelatoclostridium	Erysipelatoclostridium ramosum
cmag_473	Bacteria	Bacteroidota	Bacteroidia	Bacteroidales	UBA11471	UBA11471	UBA11471 sp900542765
cmag_474	Bacteria	Firmicutes_A	Clostridia_A	Christensenellales	UBA1242	UBA4626	
cmag_475	Bacteria	Firmicutes	Bacilli	RF39	UBA660	UBA7057	UBA7057 sp900543675
cmag_476	Bacteria	Firmicutes	Bacilli	Bacillales			
cmag_477	Bacteria	Firmicutes_A	Clostridia	Lachnospirales	Lachnospiraceae	Mediterraneibacter	
cmag_478	Bacteria	Firmicutes_A	Clostridia	Oscillospirales	Ruminococcaceae	UBA3818	
cmag_479	Bacteria	Firmicutes_A	Clostridia_A	Christensenellales	Borkfalkiaceae	UMGS1004	
cmag_480	Bacteria	Firmicutes_A	Clostridia	Oscillospirales	Acutalibacteraceae	UMGS1839	
cmag_481	Bacteria	Verrucomicrobiota	Lentisphaeria	Victivallales	Victivallaceae	Victivallis	Victivallis sp900551245
cmag_482	Bacteria	Proteobacteria	Alphaproteobacteria	RF32	CAG-977	CAG-977	
cmag_483	Bacteria	Firmicutes_A	Clostridia	Oscillospirales	Oscillospiraceae	UBA5446	UBA5446 sp900759385
cmag_484	Bacteria	Verrucomicrobiota	Verrucomicrobiae	Opitutales	CAG-312	CAG-312	CAG-312 sp900545715
cmag_485	Bacteria	Firmicutes	Bacilli	RF39	UBA660	CAG-451	
cmag_486	Bacteria	Bacteroidota	Bacteroidia	Bacteroidales	Muribaculaceae	CAG-279	CAG-279 sp900544305
cmag_487	Bacteria	Proteobacteria	Gammaproteobacteria	Burkholderiales	Burkholderiaceae	CAG-521	CAG-521 sp002329575
cmag_488	Bacteria	Firmicutes_A	Clostridia	Lachnospirales	Lachnospiraceae	Clostridium_Q	Clostridium_Q saccharolyticum_A
cmag_489	Bacteria	Proteobacteria	Gammaproteobacteria	Burkholderiales	Burkholderiaceae	Sutterella	Sutterella sp900543805
cmag_490	Bacteria	Firmicutes_A	Clostridia	Oscillospirales	Oscillospiraceae	Pseudoflavonifractor	
cmag_491	Bacteria	Bacteroidota	Bacteroidia	Bacteroidales	Rikenellaceae	Tidjanibacter	
cmag_492	Bacteria	Actinobacteriota	Actinomycetia	Actinomycetales	Bifidobacteriaceae	Bifidobacterium	Bifidobacterium gallinarum
cmag_493	Bacteria	Firmicutes	Bacilli	Lactobacillales	Lactobacillaceae	Limosilactobacillus	Limosilactobacillus oris
cmag_494	Bacteria	Firmicutes	Bacilli	Lactobacillales	Enterococcaceae	Enterococcus_B	Enterococcus_B hirae
cmag_495	Bacteria	Firmicutes	Bacilli	RF39	UBA660	CAG-451	
cmag_496	Bacteria	Firmicutes_A	Clostridia	Lachnospirales	Lachnospiraceae	Lachnoclostridium_A	
cmag_497	Bacteria	Firmicutes_A	Clostridia_A	Christensenellales	UBA1242	UBA11517	
cmag_498	Bacteria	Firmicutes_A	Clostridia_A	Christensenellales	Borkfalkiaceae	UBA11940	
cmag_499	Bacteria	Firmicutes_A	Clostridia	Oscillospirales	Acutalibacteraceae	Hydrogeniiclostridium	
cmag_500	Bacteria	Firmicutes_A	Clostridia	Oscillospirales	Ruminococcaceae	Gemmiger	
cmag_501	Bacteria	Proteobacteria	Gammaproteobacteria	Burkholderiales	Burkholderiaceae	Duodenibacillus	Duodenibacillus sp900538905
cmag_502	Bacteria	Firmicutes_A	Clostridia	Lachnospirales	Lachnospiraceae	CAG-81	CAG-81 sp900541255
cmag_503	Bacteria	Bacteroidota	Bacteroidia	Bacteroidales	Rikenellaceae		
cmag_504	Bacteria	Firmicutes_A	Clostridia	Lachnospirales	Lachnospiraceae	Mediterraneibacter	
cmag_505	Bacteria	Proteobacteria	Alphaproteobacteria	RF32	CAG-239	CAG-495	CAG-495 sp000436375
cmag_506	Bacteria	Cyanobacteria	Vampirovibrionia	Gastranaerophilales	Gastranaerophilaceae	CAG-484	
cmag_507	Bacteria	Firmicutes_A	Clostridia_A	Christensenellales	Borkfalkiaceae	UBA11940	
cmag_508	Bacteria	Firmicutes	Bacilli	Lactobacillales	Lactobacillaceae	Limosilactobacillus	Limosilactobacillus ingluviei
cmag_509	Bacteria	Firmicutes	Bacilli	Lactobacillales	Lactobacillaceae	Limosilactobacillus	
cmag_510	Bacteria	Proteobacteria	Gammaproteobacteria	Enterobacterales	Enterobacteriaceae	Escherichia	Escherichia flexneri
cmag_511	Bacteria	Bacteroidota	Bacteroidia	Bacteroidales	Barnesiellaceae	Barnesiella	Barnesiella intestinihominis
cmag_512	Bacteria	Firmicutes	Bacilli	RF39	UBA660	CAG-451	
cmag_513	Bacteria	Firmicutes_A	Clostridia	TANB77	CAG-508	HGM13634	
cmag_514	Bacteria	Verrucomicrobiota	Lentisphaeria	Victivallales	Victivallaceae	Victivallis	Victivallis sp900768515
cmag_515	Bacteria	Firmicutes_A	Clostridia_A	Christensenellales	Borkfalkiaceae	Borkfalkia	
cmag_516	Bacteria	Firmicutes_A	Clostridia	TANB77	CAG-508		
cmag_517	Bacteria	Firmicutes_A	Clostridia_A	Christensenellales	CAG-917	UMGS1688	UMGS1688 sp900754695
cmag_518	Bacteria	Firmicutes	Bacilli	RF39	UBA660	UMGS1217	
cmag_519	Bacteria	Campylobacterota	Campylobacteria	Campylobacterales	Campylobacteraceae	Campylobacter_D	Campylobacter_D coli
cmag_520	Bacteria	Firmicutes	Bacilli	RF39	UBA660	CAG-776	
cmag_521	Bacteria	Firmicutes	Bacilli	RF39	UBA660	CAG-460	
cmag_522	Bacteria	Firmicutes	Bacilli	RF39	UBA660		
cmag_523	Bacteria	Firmicutes_A	Clostridia_A	Christensenellales	Borkfalkiaceae	UMGS1004	
cmag_524	Bacteria	Firmicutes_A	Clostridia_A	Christensenellales	CAG-74	Firm-11	Firm-11 sp900553905
cmag_525	Bacteria	Deferribacterota	Deferribacteres	Deferribacterales	Mucispirillaceae	Mucispirillum	
cmag_526	Bacteria	Cyanobacteria	Vampirovibrionia	Gastranaerophilales	Gastranaerophilaceae		
cmag_527	Bacteria	Firmicutes_A	Clostridia	TANB77	CAG-508	CAG-273	
cmag_528	Bacteria	Bacteroidota	Bacteroidia	Bacteroidales	Rikenellaceae	UBA940	
cmag_529	Bacteria	Firmicutes_A	Clostridia_A	Christensenellales	CAG-74	HGM11575	
cmag_530	Bacteria	Bacteroidota	Bacteroidia	Bacteroidales	Bacteroidaceae	Phocaeicola	
cmag_531	Bacteria	Proteobacteria	Alphaproteobacteria	RF32	UBA3637		
cmag_532	Bacteria	Patescibacteria	Saccharimonadia	Saccharimonadales	Saccharimonadaceae	UBA2866	
cmag_533	Bacteria	Firmicutes_A	Clostridia_A	Christensenellales	CAG-314	UMGS929	UMGS929 sp900546875
cmag_534	Bacteria	Firmicutes	Bacilli	RF39	UBA660	UMGS2068	
cmag_535	Bacteria	Bacteroidota	Bacteroidia	Bacteroidales	Bacteroidaceae	Phocaeicola	Phocaeicola sp002161765
cmag_536	Bacteria	Cyanobacteria	Vampirovibrionia	Gastranaerophilales	RUG14156		
cmag_537	Bacteria	Firmicutes_A	Clostridia	Lachnospirales	Lachnospiraceae	Mediterraneibacter	
cmag_538	Bacteria	Firmicutes_A	Clostridia	Oscillospirales	Ruminococcaceae	Faecalibacterium	
cmag_539	Bacteria	Cyanobacteria	Vampirovibrionia	Gastranaerophilales	RUG14156		
cmag_540	Bacteria	Proteobacteria	Gammaproteobacteria	Burkholderiales	Burkholderiaceae	CAG-521	CAG-521 sp000437635
cmag_541	Bacteria	Bacteroidota	Bacteroidia	Bacteroidales	Bacteroidaceae	Bacteroides	
cmag_542	Bacteria	Firmicutes_A	Clostridia	Lachnospirales	Lachnospiraceae	Mediterraneibacter	
cmag_543	Bacteria	Bacteroidota	Bacteroidia	Bacteroidales	Bacteroidaceae	Phocaeicola	Phocaeicola sp900066445
cmag_544	Bacteria	Firmicutes_A	Clostridia	TANB77	CAG-508	CAG-269	
cmag_545	Bacteria	Firmicutes_A	Clostridia	Lachnospirales	Lachnospiraceae	Mediterraneibacter	
cmag_546	Bacteria	Firmicutes_A	Clostridia	Oscillospirales	Ruminococcaceae	UBA1448	
cmag_547	Bacteria	Firmicutes_A	Clostridia	TANB77	CAG-508	CAG-273	
cmag_548	Bacteria	Cyanobacteria	Vampirovibrionia	Gastranaerophilales	Gastranaerophilaceae	Zag1	Zag1 sp000437435
cmag_549	Bacteria	Firmicutes	Bacilli	RF39	UBA660	CAG-822	
cmag_550	Bacteria	Firmicutes_A	Clostridia_A	Christensenellales	Borkfalkiaceae	UMGS1004	
cmag_551	Bacteria	Firmicutes_A	Clostridia	Oscillospirales	Acutalibacteraceae	CAG-180	CAG-180 sp002314305
cmag_552	Bacteria	Firmicutes_A	Clostridia	TANB77	CAG-508	CAG-793	
cmag_553	Bacteria	Cyanobacteria	Vampirovibrionia	Gastranaerophilales	Gastranaerophilaceae	Zag1	
cmag_554	Archaea	Halobacteriota	Methanomicrobia	Methanomicrobiales	Methanocorpusculaceae	Methanocorpusculum	
cmag_555	Bacteria	Firmicutes	Bacilli	RF39	UBA660	CAG-451	
cmag_556	Bacteria	Firmicutes_A	Clostridia	TANB77	CAG-508	CAG-269	
cmag_557	Bacteria	Cyanobacteria	Vampirovibrionia	Gastranaerophilales	Gastranaerophilaceae		
cmag_558	Bacteria	Bacteroidota	Bacteroidia	Bacteroidales	Bacteroidaceae	Bacteroides	Bacteroides fragilis_A
cmag_559	Bacteria	Verrucomicrobiota	Verrucomicrobiae	Verrucomicrobiales	Akkermansiaceae	Akkermansia	Akkermansia muciniphila
cmag_560	Bacteria	Firmicutes_A	Clostridia	Lachnospirales	Anaerotignaceae	Anaerotignum	Anaerotignum lactatifermentans
cmag_561	Bacteria	Firmicutes	Bacilli	RF39	UBA660	CAG-460	
cmag_562	Bacteria	Bacteroidota	Bacteroidia	Bacteroidales	Bacteroidaceae	Prevotella	Prevotella sp900554045
cmag_563	Bacteria	Bacteroidota	Bacteroidia	Bacteroidales	Bacteroidaceae	Prevotella	Prevotella sp000433175
cmag_564	Bacteria	Firmicutes_A	Clostridia	Oscillospirales	Butyricicoccaceae	Agathobaculum	
cmag_565	Bacteria	Firmicutes_A	Clostridia	Oscillospirales	Acutalibacteraceae		
cmag_566	Bacteria	Firmicutes	Bacilli	Lactobacillales	Lactobacillaceae	Limosilactobacillus	Limosilactobacillus vaginalis
cmag_567	Bacteria	Firmicutes_A	Clostridia	Lachnospirales	Anaerotignaceae	Anaerotignum	
cmag_568	Bacteria	Firmicutes_A	Clostridia	Lachnospirales	Lachnospiraceae	Mediterraneibacter	
cmag_569	Bacteria	Firmicutes_A	Clostridia	Oscillospirales	Butyricicoccaceae	Agathobaculum	Agathobaculum sp900557315
cmag_570	Bacteria	Firmicutes_A	Clostridia	Lachnospirales	Lachnospiraceae	Eisenbergiella	Eisenbergiella sp900544445
cmag_571	Bacteria	Firmicutes_A	Clostridia	Lachnospirales	Lachnospiraceae	UBA7182	
cmag_572	Bacteria	Firmicutes_A	Clostridia	Oscillospirales	Oscillospiraceae	Intestinimonas	
cmag_573	Bacteria	Firmicutes_A	Clostridia	Lachnospirales	Lachnospiraceae	Blautia	Blautia sp900543715
cmag_574	Bacteria	Firmicutes_A	Clostridia	TANB77	CAG-508	CAG-269	
cmag_575	Bacteria	Firmicutes	Bacilli	RF39	UBA660	CAG-451	
cmag_576	Bacteria	Firmicutes_A	Clostridia	Oscillospirales	Oscillospiraceae	Intestinimonas	
cmag_577	Bacteria	Firmicutes_A	Clostridia	Lachnospirales	Lachnospiraceae	Blautia_A	
cmag_578	Bacteria	Firmicutes_A	Clostridia_A	Christensenellales	Borkfalkiaceae	Borkfalkia	
cmag_579	Bacteria	Firmicutes	Bacilli	RF39	UBA660	CAG-776	
cmag_580	Bacteria	Firmicutes_A	Clostridia_A	Christensenellales	UBA1242	UBA11517	
cmag_581	Bacteria	Firmicutes_A	Clostridia_A	Christensenellales	Borkfalkiaceae	Borkfalkia	
cmag_582	Bacteria	Firmicutes	Bacilli	RF39	UBA660	CAG-776	
cmag_583	Bacteria	Firmicutes	Bacilli	Erysipelotrichales	Erysipelatoclostridiaceae	Erysipelatoclostridium	Erysipelatoclostridium spiroforme
cmag_584	Bacteria	Firmicutes	Bacilli	Erysipelotrichales	Erysipelatoclostridiaceae	CHKCI006	CHKCI006 sp900018345
cmag_585	Bacteria	Firmicutes_A	Clostridia_A	Christensenellales			
cmag_586	Bacteria	Cyanobacteria	Vampirovibrionia	Gastranaerophilales			
cmag_587	Bacteria	Firmicutes_A	Clostridia	Lachnospirales	Anaerotignaceae	UMGS1670	UMGS1670 sp902406135
cmag_588	Bacteria	Firmicutes_A	Clostridia	TANB77	CAG-508	CAG-269	
cmag_589	Bacteria	Firmicutes_A	Clostridia	Oscillospirales	Oscillospiraceae	An92	
cmag_590	Bacteria	Bacteroidota	Bacteroidia	Bacteroidales	Bacteroidaceae	Bacteroides	Bacteroides fragilis
cmag_591	Bacteria	Firmicutes_A	Clostridia	Oscillospirales	Ruminococcaceae	Fournierella	
cmag_592	Bacteria	Firmicutes_A	Clostridia	Lachnospirales	Lachnospiraceae		
cmag_593	Bacteria	Firmicutes_A	Clostridia	TANB77	CAG-508	CAG-269	
cmag_594	Bacteria	Firmicutes_A	Clostridia	Lachnospirales	Lachnospiraceae	UMGS1370	
cmag_595	Bacteria	Firmicutes_A	Clostridia	TANB77	CAG-508	CAG-273	
cmag_596	Bacteria	Bacteroidota	Bacteroidia	Bacteroidales	Rikenellaceae	Alistipes	Alistipes communis
cmag_597	Bacteria	Bacteroidota	Bacteroidia	Bacteroidales	Bacteroidaceae	Bacteroides	Bacteroides faecis
cmag_598	Bacteria	Bacteroidota	Bacteroidia	Bacteroidales	Coprobacteraceae	Coprobacter	Coprobacter fastidiosus
cmag_599	Bacteria	Bacteroidota	Bacteroidia	Bacteroidales	Bacteroidaceae	Bacteroides	Bacteroides caccae
cmag_600	Bacteria	Firmicutes_A	Clostridia	TANB77	CAG-508	CAG-273	
cmag_601	Bacteria	Firmicutes_A	Clostridia	Lachnospirales	Lachnospiraceae	Sellimonas	Sellimonas intestinalis
cmag_602	Bacteria	Firmicutes_A	Clostridia	Oscillospirales	Butyricicoccaceae	AM07-15	
cmag_603	Bacteria	Firmicutes_A	Clostridia	Lachnospirales	Lachnospiraceae	Anaerostipes	
cmag_604	Bacteria	Firmicutes_A	Clostridia	Lachnospirales	Lachnospiraceae	Blautia	
cmag_605	Bacteria	Firmicutes_A	Clostridia	Lachnospirales	Lachnospiraceae	OF09-33XD	
cmag_606	Bacteria	Firmicutes	Bacilli	Lactobacillales	Lactobacillaceae	Ligilactobacillus	Ligilactobacillus aviarius
cmag_607	Bacteria	Firmicutes_A	Clostridia	Lachnospirales	Lachnospiraceae	Mediterraneibacter	
cmag_608	Bacteria	Firmicutes_A	Clostridia	Oscillospirales	CAG-382	UMGS882	UMGS882 sp003343885
cmag_609	Bacteria	Bacteroidota	Bacteroidia	Bacteroidales	UBA932	CAG-831	
cmag_610	Bacteria	Bacteroidota	Bacteroidia	Bacteroidales	Rikenellaceae	Alistipes_A	
cmag_611	Bacteria	Firmicutes_A	Clostridia	Oscillospirales	UBA644		
cmag_612	Bacteria	Firmicutes_A	Clostridia	Oscillospirales	Ruminococcaceae	Faecalibacterium	
cmag_613	Bacteria	Firmicutes_A	Clostridia_A	Christensenellales	UBA1242	UBA11517	
cmag_614	Bacteria	Firmicutes_A	Clostridia	Oscillospirales	UBA644		
cmag_615	Bacteria	Desulfobacterota	Desulfovibrionia	Desulfovibrionales	Desulfovibrionaceae	Nitratidesulfovibrio	Nitratidesulfovibrio vulgaris
cmag_616	Bacteria	Firmicutes_A	Clostridia_A	Christensenellales	Borkfalkiaceae	Borkfalkia	
cmag_617	Bacteria	Firmicutes_A	Clostridia	TANB77	CAG-508		
cmag_618	Bacteria	Firmicutes_A	Clostridia	TANB77	CAG-508	CAG-273	CAG-273 sp900752335
cmag_619	Bacteria	Firmicutes_A	Clostridia	TANB77	CAG-508	CAG-273	
cmag_620	Bacteria	Firmicutes_A	Clostridia_A	Christensenellales	UBA1242	UBA11517	
cmag_621	Bacteria	Firmicutes_A	Clostridia	Oscillospirales	Acutalibacteraceae		
cmag_622	Bacteria	Firmicutes_A	Clostridia	Oscillospirales	Ruminococcaceae	Gemmiger	
cmag_623	Bacteria	Firmicutes_A	Clostridia	Lachnospirales	Lachnospiraceae		
cmag_624	Bacteria	Firmicutes	Bacilli	Lactobacillales	Lactobacillaceae	Lactobacillus	Lactobacillus johnsonii
cmag_625	Bacteria	Firmicutes_A	Clostridia	Lachnospirales	Lachnospiraceae	Mediterraneibacter	
cmag_626	Bacteria	Firmicutes_A	Clostridia_A	Christensenellales	Borkfalkiaceae	Borkfalkia	
cmag_627	Bacteria	Firmicutes_A	Clostridia	Lachnospirales	Lachnospiraceae	Fusicatenibacter	Fusicatenibacter sp900543115
cmag_628	Bacteria	Firmicutes_A	Clostridia	Lachnospirales	Lachnospiraceae	Enterocloster	Enterocloster sp900547035
cmag_629	Bacteria	Firmicutes_A	Clostridia	Lachnospirales	Lachnospiraceae	UC5-1-2E3	UC5-1-2E3 sp001304875
cmag_630	Bacteria	Firmicutes_A	Clostridia_A	Christensenellales	UBA1242	UBA11517	
cmag_631	Bacteria	Firmicutes	Bacilli	RF39	UBA660	CAG-451	
cmag_632	Bacteria	Bacteroidota	Bacteroidia	Bacteroidales	Tannerellaceae	Parabacteroides	Parabacteroides distasonis
cmag_633	Bacteria	Firmicutes	Bacilli	RF39	UBA660	HGM10873	
cmag_634	Bacteria	Firmicutes	Bacilli	RF39	UBA660	UMGS1217	
cmag_635	Bacteria	Bacteroidota	Bacteroidia	Bacteroidales	UBA932	UBA3382	
cmag_636	Bacteria	Bacteroidota	Bacteroidia	Bacteroidales	UBA932	RC9	
cmag_637	Bacteria	Bacteroidota	Bacteroidia	Bacteroidales	Bacteroidaceae	Phocaeicola	Phocaeicola sp900553715
cmag_638	Bacteria	Bacteroidota	Bacteroidia	Bacteroidales	Bacteroidaceae	Prevotella	Prevotella lascolaii
cmag_639	Bacteria	Bacteroidota	Bacteroidia	Bacteroidales	Tannerellaceae	Parabacteroides	Parabacteroides sp900552415
cmag_640	Bacteria	Firmicutes_A	Clostridia	Lachnospirales	Lachnospiraceae	Mediterraneibacter	Mediterraneibacter sp002160525
cmag_641	Bacteria	Firmicutes_A	Clostridia	Oscillospirales	Acutalibacteraceae		
cmag_642	Bacteria	Firmicutes_A	Clostridia_A	Christensenellales	Borkfalkiaceae	Borkfalkia	
cmag_643	Bacteria	Cyanobacteria	Vampirovibrionia	Gastranaerophilales	Gastranaerophilaceae		
cmag_644	Bacteria	Firmicutes_A	Clostridia_A	Christensenellales	Borkfalkiaceae	UBA11940	
cmag_645	Bacteria	Firmicutes_A	Clostridia_A	Christensenellales	UBA1242	UBA11517	
cmag_646	Bacteria	Firmicutes	Bacilli	RF39	UBA660	CAG-822	
cmag_647	Bacteria	Firmicutes_A	Clostridia	Monoglobales_A	UBA1381	HGM11525	
cmag_648	Bacteria	Firmicutes_A	Clostridia	TANB77	CAG-508	CAG-269	
cmag_649	Bacteria	Firmicutes_A	Clostridia_A	Christensenellales	UBA1242	UBA11517	
cmag_650	Bacteria	Firmicutes_A	Clostridia_A	Christensenellales	UBA1242	UBA4626	
cmag_651	Bacteria	Bacteroidota	Bacteroidia	Bacteroidales	Rikenellaceae	Alistipes	Alistipes sp900290115
cmag_652	Bacteria	Firmicutes	Bacilli	RF39	UBA660	HGM10818	
cmag_653	Bacteria	Firmicutes	Bacilli	RF39	UBA660	UMGS1648	UMGS1648 sp900553765
cmag_654	Bacteria	Firmicutes	Bacilli	RF39	UBA660	UMGS1217	
cmag_655	Bacteria	Firmicutes	Bacilli	RF39	UBA660	CAG-822	
cmag_656	Bacteria	Firmicutes	Bacilli	RF39	UBA660	UBA7057	
cmag_657	Bacteria	Firmicutes	Bacilli	RF39	UBA660	CAG-451	
cmag_658	Bacteria	Firmicutes_A	Clostridia_A	Christensenellales	Borkfalkiaceae		
cmag_659	Bacteria	Firmicutes_A	Clostridia_A	Christensenellales	UBA1242		
cmag_660	Bacteria	Firmicutes_A	Clostridia	TANB77	CAG-508	CAG-354	
cmag_661	Bacteria	Firmicutes	Bacilli	RF39	UBA660	CAG-776	
cmag_662	Bacteria	Firmicutes_A	Clostridia_A	Christensenellales	UBA1242	UBA11517	
cmag_663	Bacteria	Firmicutes_A	Clostridia	Oscillospirales	Oscillospiraceae	CAG-110	
cmag_664	Bacteria	Firmicutes_A	Clostridia	TANB77	CAG-508	CAG-269	
cmag_665	Bacteria	Firmicutes_A	Clostridia	Lachnospirales	Lachnospiraceae	Sellimonas	Sellimonas sp002159995
cmag_666	Bacteria	Firmicutes_A	Clostridia	TANB77	CAG-465	CAG-465	
cmag_667	Bacteria	Firmicutes_A	Clostridia	Lachnospirales	Lachnospiraceae	Ruminococcus_G	
cmag_668	Bacteria	Firmicutes_A	Clostridia	Lachnospirales	Lachnospiraceae	Eubacterium_I	
cmag_669	Bacteria	Firmicutes_A	Clostridia	Lachnospirales	Lachnospiraceae	Fusicatenibacter	
cmag_670	Bacteria	Firmicutes_A	Clostridia_A	Christensenellales	UBA1242	UBA4626	
cmag_671	Bacteria	Firmicutes	Bacilli	RF39	UBA660	CAG-451	
cmag_672	Bacteria	Firmicutes_A	Clostridia	Oscillospirales	Ruminococcaceae	UMGS1826	
cmag_673	Bacteria	Firmicutes_A	Clostridia	Oscillospirales	Acutalibacteraceae	Clostridium_A	
cmag_674	Bacteria	Firmicutes_A	Clostridia	Oscillospirales	Acutalibacteraceae	Acutalibacter	Acutalibacter sp900755895
cmag_675	Bacteria	Firmicutes_A	Clostridia	Lachnospirales	Lachnospiraceae	Fusicatenibacter	
cmag_676	Bacteria	Firmicutes_A	Clostridia	Oscillospirales	Ruminococcaceae		
cmag_677	Bacteria	Firmicutes	Bacilli	Erysipelotrichales	Erysipelatoclostridiaceae	Erysipelatoclostridium	Erysipelatoclostridium sp002160495
cmag_678	Bacteria	Firmicutes_A	Clostridia_A	Christensenellales	Borkfalkiaceae	Borkfalkia	
cmag_679	Bacteria	Firmicutes_A	Clostridia_A	Christensenellales	CAG-917	UMGS1688	
cmag_680	Bacteria	Cyanobacteria	Vampirovibrionia	Gastranaerophilales	Gastranaerophilaceae	QAMI01	QAMI01 sp900551915
cmag_681	Bacteria	Firmicutes_A	Clostridia	Oscillospirales	CAG-272		
cmag_682	Bacteria	Firmicutes_A	Clostridia	Oscillospirales	Ruminococcaceae	UBA1409	UBA1409 sp002305045
cmag_683	Bacteria	Cyanobacteria	Vampirovibrionia	Gastranaerophilales	Gastranaerophilaceae		
cmag_684	Bacteria	Synergistota	Synergistia	Synergistales	Synergistaceae	An23	An23 sp900544635
cmag_685	Bacteria	Verrucomicrobiota	Lentisphaeria	Victivallales	Victivallaceae	Victivallis	
cmag_686	Bacteria	Firmicutes_A	Clostridia_A	Christensenellales	CAG-917	UMGS1688	UMGS1688 sp900554085
cmag_687	Bacteria	Firmicutes_A	Clostridia	TANB77	CAG-508		
cmag_688	Bacteria	Firmicutes_A	Clostridia	Oscillospirales	CAG-272	UMGS1865	
cmag_689	Bacteria	Firmicutes_A	Clostridia_A	Christensenellales	UBA1242	UBA11517	
cmag_690	Bacteria	Proteobacteria	Gammaproteobacteria	Burkholderiales	Burkholderiaceae	CAG-521	
cmag_691	Bacteria	Firmicutes_A	Clostridia_A	Christensenellales	CAG-74	OEMS01	
cmag_692	Bacteria	Firmicutes_A	Clostridia_A	Christensenellales	UBA1242	UBA4626	
cmag_693	Bacteria	Firmicutes_A	Clostridia	Oscillospirales	CAG-382	UCG-010	UCG-010 sp900754535
cmag_694	Bacteria	Cyanobacteria	Vampirovibrionia	Gastranaerophilales	Gastranaerophilaceae		
cmag_695	Bacteria	Firmicutes_A	Clostridia	Oscillospirales	Oscillospiraceae	UBA1777	
cmag_696	Bacteria	Firmicutes_A	Clostridia_A	Christensenellales	Borkfalkiaceae	UMGS1004	
cmag_697	Bacteria	Cyanobacteria	Vampirovibrionia	Gastranaerophilales	Gastranaerophilaceae		
cmag_698	Bacteria	Firmicutes_A	Clostridia_A	Christensenellales	Borkfalkiaceae	QALS01	
cmag_699	Bacteria	Firmicutes_A	Clostridia	Lachnospirales	Lachnospiraceae	Mediterraneibacter	Mediterraneibacter sp002161355
cmag_700	Bacteria	Firmicutes_A	Clostridia	Lachnospirales	Anaerotignaceae	HGM11808	
cmag_701	Bacteria	Firmicutes_A	Clostridia_A	Christensenellales	CAG-74		
cmag_702	Bacteria	Firmicutes_A	Clostridia	Oscillospirales	Ruminococcaceae	UMGS599	
cmag_703	Bacteria	Firmicutes_A	Clostridia	Oscillospirales	Ruminococcaceae	Anaerofilum	Anaerofilum sp002160015
cmag_704	Bacteria	Firmicutes_A	Clostridia	Lachnospirales	UBA1390	UBA1390	UBA1390 sp002305315
cmag_705	Bacteria	Firmicutes_A	Clostridia	Lachnospirales	Lachnospiraceae	AM51-8	AM51-8 sp900761925
cmag_706	Bacteria	Firmicutes_A	Clostridia	Lachnospirales	Lachnospiraceae	Catenibacillus	
cmag_707	Bacteria	Firmicutes_A	Clostridia	Lachnospirales	Lachnospiraceae	Lachnoclostridium_B	Lachnoclostridium_B sp900543315
cmag_708	Bacteria	Firmicutes_A	Clostridia	Oscillospirales	Ruminococcaceae	Gemmiger	
cmag_709	Bacteria	Firmicutes_A	Clostridia	Lachnospirales	Lachnospiraceae	Catenibacillus	
cmag_710	Bacteria	Firmicutes_A	Clostridia	Monoglobales	Monoglobaceae		
cmag_711	Bacteria	Firmicutes_A	Clostridia	Oscillospirales	Oscillospiraceae	Evtepia	Evtepia sp900546255
cmag_712	Bacteria	Firmicutes_A	Clostridia	Oscillospirales	Ruminococcaceae	Fournierella	Fournierella sp002161595
cmag_713	Bacteria	Firmicutes_A	Clostridia	Lachnospirales	CAG-274	UMGS1441	
cmag_714	Bacteria	Firmicutes_A	Clostridia	Oscillospirales	Ruminococcaceae	Ruthenibacterium	Ruthenibacterium sp900546885
cmag_715	Bacteria	Firmicutes_A	Clostridia	Lachnospirales	Lachnospiraceae	Anaerosacchariphilus	
cmag_716	Bacteria	Firmicutes	Bacilli	RF39	UBA660	CAG-776	
cmag_717	Bacteria	Cyanobacteria	Vampirovibrionia	Gastranaerophilales	Gastranaerophilaceae	UMGS951	UMGS951 sp900547155
cmag_718	Bacteria	Firmicutes_A	Clostridia	Oscillospirales	Oscillospiraceae	UBA5446	UBA5446 sp004553625
cmag_719	Bacteria	Bacteroidota	Bacteroidia	Bacteroidales	Marinifilaceae	Odoribacter	Odoribacter splanchnicus
cmag_720	Bacteria	Firmicutes_A	Clostridia_A	Christensenellales	Borkfalkiaceae	UBA11940	
cmag_721	Bacteria	Firmicutes_A	Clostridia	Oscillospirales	Ruminococcaceae	Gemmiger	
cmag_722	Bacteria	Firmicutes_A	Clostridia	Oscillospirales	Ruminococcaceae	Fournierella	
cmag_723	Bacteria	Firmicutes_A	Clostridia	Lachnospirales	Anaerotignaceae	Anaerotignum	
cmag_724	Bacteria	Firmicutes_A	Clostridia	Oscillospirales	Acutalibacteraceae	Hydrogeniiclostridium	
cmag_725	Bacteria	Firmicutes_A	Clostridia	Oscillospirales	Oscillospiraceae	Dysosmobacter	
cmag_726	Bacteria	Firmicutes_A	Clostridia	TANB77	CAG-508	CAG-273	
cmag_727	Bacteria	Firmicutes_A	Clostridia	Oscillospirales	Butyricicoccaceae		
cmag_728	Bacteria	Firmicutes_A	Clostridia	Oscillospirales	Ruminococcaceae	UBA1405	UBA1405 sp002305685
cmag_729	Bacteria	Firmicutes_A	Clostridia	Oscillospirales	Ruminococcaceae	Anaerotruncus	
cmag_730	Bacteria	Firmicutes	Bacilli	RF39	UBA660	UMGS1217	
cmag_731	Bacteria	Firmicutes_A	Clostridia	Lachnospirales	Lachnospiraceae	Lachnoclostridium_A	
cmag_732	Bacteria	Firmicutes_A	Clostridia	Lachnospirales	Lachnospiraceae	Clostridium_Q	
cmag_733	Bacteria	Bacteroidota	Bacteroidia	Bacteroidales	Rikenellaceae	Rikenella	
cmag_734	Bacteria	Firmicutes_A	Clostridia	Oscillospirales	Oscillospiraceae		
cmag_735	Bacteria	Firmicutes_A	Clostridia	TANB77	CAG-508	CAG-793	
cmag_736	Bacteria	Desulfobacterota	Desulfovibrionia	Desulfovibrionales	Desulfovibrionaceae	Bilophila	
cmag_737	Bacteria	Firmicutes_A	Clostridia	Lachnospirales	Lachnospiraceae	Blautia	
cmag_738	Bacteria	Firmicutes_A	Clostridia	Lachnospirales	Anaerotignaceae	An114	An114 sp002161055
cmag_739	Bacteria	Firmicutes_A	Clostridia_A	Christensenellales	Borkfalkiaceae	UMGS1004	
cmag_740	Bacteria	Firmicutes_A	Clostridia	Oscillospirales	Ruminococcaceae	Angelakisella	Angelakisella massiliensis
cmag_741	Bacteria	Firmicutes	Bacilli	RF39	UBA660	HGM10766	
cmag_742	Bacteria	Firmicutes_A	Clostridia	Lachnospirales	Lachnospiraceae	Anaerosacchariphilus	Anaerosacchariphilus sp002160825
cmag_743	Bacteria	Firmicutes_A	Clostridia_A	Christensenellales	Borkfalkiaceae	Borkfalkia	Borkfalkia sp003343765
cmag_744	Bacteria	Firmicutes_A	Clostridia	TANB77	CAG-465		
cmag_745	Bacteria	Firmicutes_A	Clostridia	Oscillospirales	Ruminococcaceae	Anaerofilum	
cmag_746	Bacteria	Firmicutes_A	Clostridia	Lachnospirales	Lachnospiraceae	Blautia	
cmag_747	Bacteria	Proteobacteria	Alphaproteobacteria	Rs-D84	Rs-D84	Rs-D84	Rs-D84 sp900546185
cmag_748	Bacteria	Firmicutes_A	Clostridia	Oscillospirales	Oscillospiraceae	UBA9475	UBA9475 sp002161675
cmag_749	Bacteria	Firmicutes_A	Clostridia	Oscillospirales	Oscillospiraceae	Intestinimonas	Intestinimonas timonensis
cmag_750	Bacteria	Firmicutes_A	Clostridia	Lachnospirales	Lachnospiraceae	UMGS1370	
cmag_751	Bacteria	Actinobacteriota	Coriobacteriia	Coriobacteriales	Eggerthellaceae	Rubneribacter	Rubneribacter badeniensis
cmag_752	Bacteria	Firmicutes_A	Clostridia	Lachnospirales	Lachnospiraceae	Mediterraneibacter	
cmag_753	Bacteria	Firmicutes_A	Clostridia	TANB77	CAG-508	CAG-452	
cmag_754	Bacteria	Firmicutes_A	Clostridia	Oscillospirales	Ruminococcaceae	Ruthenibacterium	Ruthenibacterium sp002315015
cmag_755	Bacteria	Cyanobacteria	Vampirovibrionia	Gastranaerophilales	Gastranaerophilaceae	CAG-306	CAG-306 sp000980375
cmag_756	Bacteria	Firmicutes	Bacilli	RF39	UBA660	CAG-877	
cmag_757	Bacteria	Firmicutes_A	Clostridia	TANB77	CAG-508		
cmag_758	Bacteria	Firmicutes_A	Clostridia	Oscillospirales	Butyricicoccaceae	Butyricicoccus	
cmag_759	Bacteria	Firmicutes_A	Clostridia	Oscillospirales	Acutalibacteraceae	UMGS403	UMGS403 sp900541565
cmag_760	Bacteria	Firmicutes_A	Clostridia	TANB77	CAG-508	HGM13634	
cmag_761	Bacteria	Firmicutes	Bacilli	RF39	UBA660	CAG-460	CAG-460 sp900751815
cmag_762	Bacteria	Firmicutes	Bacilli	RF39	UBA660	CAG-460	
cmag_763	Bacteria	Firmicutes	Bacilli	RFN20	CAG-631	CAG-631	CAG-631 sp000433015
cmag_764	Bacteria	Firmicutes	Bacilli	Lactobacillales	Enterococcaceae	Enterococcus_E	Enterococcus_E cecorum
cmag_765	Bacteria	Firmicutes	Bacilli	RF39	UBA660	HGM10818	
cmag_766	Bacteria	Firmicutes_A	Clostridia	Oscillospirales	Oscillospiraceae		
cmag_767	Bacteria	Firmicutes_A	Clostridia_A	Christensenellales	UBA1242	UBA5893	
cmag_768	Bacteria	Verrucomicrobiota	Lentisphaeria	Victivallales	Victivallaceae	Victivallis	Victivallis vadensis
cmag_769	Bacteria	Firmicutes_A	Clostridia	Oscillospirales	Oscillospiraceae	UBA5446	UBA5446 sp900544295
cmag_770	Bacteria	Firmicutes_A	Clostridia	Oscillospirales	Acutalibacteraceae	Acutalibacter	
cmag_771	Bacteria	Firmicutes_A	Clostridia_A	Christensenellales	CAG-74	HGM11588	HGM11588 sp900754755
cmag_772	Bacteria	Firmicutes_A	Clostridia	UBA1212	UBA1255	UMGS1537	UMGS1537 sp900543695
cmag_773	Bacteria	Firmicutes_A	Clostridia_A	Christensenellales	HGM11417	HGM11417	
cmag_774	Bacteria	Firmicutes_A	Clostridia	Oscillospirales	CAG-272	UMGS874	
cmag_775	Bacteria	Firmicutes_A	Clostridia	Lachnospirales	CAG-274		
cmag_776	Bacteria	Firmicutes_A	Clostridia	TANB77	CAG-508	CAG-354	
cmag_777	Bacteria	Firmicutes_A	Clostridia	Lachnospirales	Lachnospiraceae	Blautia_A	
cmag_778	Bacteria	Firmicutes_A	Clostridia	Lachnospirales	Lachnospiraceae	Anaerostipes	
cmag_779	Bacteria	Firmicutes	Bacilli	RF39	UBA660	CAG-460	
cmag_780	Bacteria	Bacteroidota	Bacteroidia	Bacteroidales	Rikenellaceae	Alistipes	Alistipes putredinis
cmag_781	Bacteria	Firmicutes	Bacilli	RF39	UBA660	CAG-594	
cmag_782	Bacteria	Firmicutes	Bacilli	Lactobacillales	Lactobacillaceae	Lactobacillus	Lactobacillus crispatus
cmag_783	Bacteria	Firmicutes_A	Clostridia	Oscillospirales	Acutalibacteraceae	Hydrogeniiclostridium	Hydrogeniiclostridium sp002160025
cmag_784	Bacteria	Firmicutes_A	Clostridia	Oscillospirales	Ruminococcaceae	Gemmiger	Gemmiger sp900548355
cmag_785	Bacteria	Firmicutes_A	Clostridia	Oscillospirales	Ruminococcaceae	UBA1409	UBA1409 sp002338885
cmag_786	Bacteria	Firmicutes_A	Clostridia	Lachnospirales	CAG-274		
cmag_787	Bacteria	Firmicutes_A	Clostridia_A	Christensenellales	UBA1242	UBA11517	
cmag_788	Bacteria	Firmicutes_A	Clostridia	Oscillospirales	Oscillospiraceae	An92	
cmag_789	Bacteria	Firmicutes_A	Clostridia	Lachnospirales	Lachnospiraceae	Lachnoclostridium_A	Lachnoclostridium_A sp002160755
cmag_790	Bacteria	Firmicutes_A	Clostridia	Oscillospirales	Oscillospiraceae	Flavonifractor	
cmag_791	Bacteria	Firmicutes_A	Clostridia	Lachnospirales	Lachnospiraceae	Blautia	Blautia sp002161285
cmag_792	Bacteria	Firmicutes_A	Clostridia	TANB77	CAG-508	CAG-793	
cmag_793	Bacteria	Firmicutes_A	Clostridia	Oscillospirales	Butyricicoccaceae	Agathobaculum	
cmag_794	Bacteria	Firmicutes_A	Clostridia	Oscillospirales	Butyricicoccaceae	Butyricicoccus	
cmag_795	Bacteria	Firmicutes_A	Clostridia	Lachnospirales	Lachnospiraceae	Roseburia	
cmag_796	Bacteria	Firmicutes_A	Clostridia	TANB77	CAG-508	CAG-269	
cmag_797	Bacteria	Firmicutes_A	Clostridia	Lachnospirales	Lachnospiraceae	Mediterraneibacter	
cmag_798	Bacteria	Firmicutes_A	Clostridia	Oscillospirales	Ruminococcaceae	Gemmiger	
cmag_799	Bacteria	Firmicutes_A	Clostridia	Oscillospirales	Ruminococcaceae	UBA1375	
cmag_800	Bacteria	Firmicutes	Bacilli	Lactobacillales	Streptococcaceae	Streptococcus	Streptococcus gallolyticus
cmag_801	Bacteria	Firmicutes_A	Clostridia	Lachnospirales	Lachnospiraceae	Blautia_A	
cmag_802	Bacteria	Firmicutes_A	Clostridia	Lachnospirales	Lachnospiraceae	Blautia_A	Blautia_A sp002159835
cmag_803	Bacteria	Firmicutes_A	Clostridia_A	Christensenellales	Borkfalkiaceae	UMGS1004	
cmag_804	Bacteria	Firmicutes_A	Clostridia	TANB77	CAG-508	CAG-269	
cmag_805	Bacteria	Firmicutes_A	Clostridia	Oscillospirales	Ruminococcaceae	Fournierella	Fournierella massiliensis
cmag_806	Bacteria	Firmicutes_A	Clostridia_A	Christensenellales	Borkfalkiaceae	UMGS1004	UMGS1004 sp003343805
cmag_807	Bacteria	Firmicutes_A	Clostridia_A	Christensenellales	UBA1242	UBA11517	
cmag_808	Bacteria	Firmicutes_A	Clostridia_A	Christensenellales	UBA1242	UBA11517	
cmag_809	Bacteria	Firmicutes_A	Clostridia	Lachnospirales	Lachnospiraceae	Mediterraneibacter	
cmag_810	Bacteria	Firmicutes_A	Clostridia	TANB77	CAG-508	CAG-245	
cmag_811	Bacteria	Firmicutes_A	Clostridia_A	Christensenellales	UBA1242	UBA11517	
cmag_812	Bacteria	Firmicutes_A	Clostridia	TANB77	CAG-508	CAG-354	
cmag_813	Bacteria	Firmicutes_A	Clostridia_A	Christensenellales	Borkfalkiaceae	UBA11940	
cmag_814	Bacteria	Firmicutes_A	Clostridia	Lachnospirales	Anaerotignaceae	An114	
cmag_815	Bacteria	Proteobacteria	Alphaproteobacteria	RF32	CAG-239	CAG-495	CAG-495 sp001917125
cmag_816	Bacteria	Firmicutes_A	Clostridia	Oscillospirales	Butyricicoccaceae	Butyricicoccus	
cmag_817	Bacteria	Firmicutes_A	Clostridia	Oscillospirales	Ruminococcaceae	UBA1409	
cmag_818	Bacteria	Firmicutes	Bacilli	RF39	UBA660	UMGS1217	
cmag_819	Bacteria	Firmicutes	Bacilli	RF39	UBA660	CAG-594	
cmag_820	Bacteria	Firmicutes_A	Clostridia	TANB77	CAG-508	CAG-269	
cmag_821	Bacteria	Firmicutes	Bacilli	RF39	UBA660	UMGS2016	
cmag_822	Bacteria	Firmicutes_A	Clostridia	Oscillospirales	Acutalibacteraceae		
cmag_823	Bacteria	Firmicutes_A	Clostridia	Lachnospirales	Lachnospiraceae		
cmag_824	Bacteria	Firmicutes_A	Clostridia	Lachnospirales	Lachnospiraceae		
cmag_825	Bacteria	Firmicutes_A	Clostridia	Lachnospirales	Lachnospiraceae	Mediterraneibacter	
