animal_code	trial	pen	age	sampling_time	sampling_date	chicken_body_weight	has_salmonella	has_clostridium	has_campylobacter	treatment	sex	breed
CA01.01	CA	CA01	7	7	2019-02-11	146	FALSE	FALSE	FALSE	control	Male	Cobb
CA01.02	CA	CA01	7	7	2019-02-11	173	FALSE	FALSE	FALSE	control	Male	Cobb
CA01.03	CA	CA01	7	7	2019-02-11	176	FALSE	FALSE	FALSE	control	Male	Cobb
CA01.04	CA	CA01	8	7	2019-02-12	201.6	FALSE	FALSE	FALSE	control	Male	Cobb
CA01.05	CA	CA01	8	7	2019-02-12	202.4	FALSE	FALSE	FALSE	control	Male	Cobb
CA01.06	CA	CA01	8	7	2019-02-12	239.4	FALSE	FALSE	FALSE	control	Male	Cobb
CA01.07	CA	CA01	21	21	2019-02-25	920.8	FALSE	FALSE	FALSE	control	Male	Cobb
CA01.08	CA	CA01	21	21	2019-02-25	963.4	FALSE	FALSE	FALSE	control	Male	Cobb
CA01.09	CA	CA01	21	21	2019-02-25	995.4	FALSE	FALSE	FALSE	control	Male	Cobb
CA01.10	CA	CA01	22	21	2019-02-26	1095.2	FALSE	FALSE	FALSE	control	Male	Cobb
CA01.11	CA	CA01	22	21	2019-02-26	1100	FALSE	FALSE	FALSE	control	Male	Cobb
CA01.12	CA	CA01	22	21	2019-02-26	1045.4	FALSE	FALSE	FALSE	control	Male	Cobb
CA01.13	CA	CA01	35	35	2019-03-11	2766.4	FALSE	FALSE	FALSE	control	Male	Cobb
CA01.14	CA	CA01	35	35	2019-03-11	2729.2	FALSE	FALSE	FALSE	control	Male	Cobb
CA01.15	CA	CA01	36	35	2019-03-12	2519.8	FALSE	FALSE	FALSE	control	Male	Cobb
CA01.16	CA	CA01	36	35	2019-03-12	2350.4	FALSE	FALSE	FALSE	control	Male	Cobb
CA01.17	CA	CA01	37	35	2019-03-13	2749.6	FALSE	FALSE	FALSE	control	Male	Cobb
CA01.18	CA	CA01	37	35	2019-03-13	2844.8	FALSE	FALSE	FALSE	control	Male	Cobb
CA02.01	CA	CA02	7	7	2019-02-11	136	FALSE	FALSE	FALSE	probiotic	Female	Ross
CA02.02	CA	CA02	7	7	2019-02-11	183.2	FALSE	FALSE	FALSE	probiotic	Female	Ross
CA02.03	CA	CA02	7	7	2019-02-11	156.6	NA	NA	NA	probiotic	Female	Ross
CA02.04	CA	CA02	8	7	2019-02-12	239.6	FALSE	FALSE	FALSE	probiotic	Female	Ross
CA02.05	CA	CA02	8	7	2019-02-12	216	FALSE	FALSE	FALSE	probiotic	Female	Ross
CA02.06	CA	CA02	8	7	2019-02-12	226.2	FALSE	FALSE	FALSE	probiotic	Female	Ross
CA02.07	CA	CA02	21	21	2019-02-25	723	FALSE	FALSE	FALSE	probiotic	Female	Ross
CA02.08	CA	CA02	21	21	2019-02-25	695.2	FALSE	FALSE	FALSE	probiotic	Female	Ross
CA02.09	CA	CA02	21	21	2019-02-25	898.6	FALSE	FALSE	FALSE	probiotic	Female	Ross
CA02.10	CA	CA02	22	21	2019-02-26	891.6	FALSE	FALSE	FALSE	probiotic	Female	Ross
CA02.11	CA	CA02	22	21	2019-02-26	883.2	FALSE	FALSE	FALSE	probiotic	Female	Ross
CA02.12	CA	CA02	22	21	2019-02-26	998.2	FALSE	FALSE	FALSE	probiotic	Female	Ross
CA02.13	CA	CA02	35	35	2019-03-11	2191.6	FALSE	FALSE	FALSE	probiotic	Female	Ross
CA02.14	CA	CA02	35	35	2019-03-11	2221.8	FALSE	FALSE	FALSE	probiotic	Female	Ross
CA02.15	CA	CA02	36	35	2019-03-12	2366.8	FALSE	FALSE	FALSE	probiotic	Female	Ross
CA02.16	CA	CA02	36	35	2019-03-12	2204.4	FALSE	FALSE	FALSE	probiotic	Female	Ross
CA02.17	CA	CA02	37	35	2019-03-13	2009.2	FALSE	FALSE	FALSE	probiotic	Female	Ross
CA02.18	CA	CA02	37	35	2019-03-13	2431.6	FALSE	FALSE	FALSE	probiotic	Female	Ross
CA03.01	CA	CA03	7	7	2019-02-11	166.8	FALSE	FALSE	FALSE	probiotic	Female	Cobb
CA03.02	CA	CA03	7	7	2019-02-11	192.8	FALSE	FALSE	FALSE	probiotic	Female	Cobb
CA03.03	CA	CA03	7	7	2019-02-11	157.4	NA	NA	NA	probiotic	Female	Cobb
CA03.04	CA	CA03	8	7	2019-02-12	243.8	FALSE	FALSE	FALSE	probiotic	Female	Cobb
CA03.05	CA	CA03	8	7	2019-02-12	210.8	FALSE	FALSE	FALSE	probiotic	Female	Cobb
CA03.06	CA	CA03	8	7	2019-02-12	201.4	FALSE	FALSE	FALSE	probiotic	Female	Cobb
CA03.07	CA	CA03	21	21	2019-02-25	920.2	FALSE	FALSE	FALSE	probiotic	Female	Cobb
CA03.08	CA	CA03	21	21	2019-02-25	964.4	FALSE	FALSE	FALSE	probiotic	Female	Cobb
CA03.09	CA	CA03	21	21	2019-02-25	1018	FALSE	FALSE	FALSE	probiotic	Female	Cobb
CA03.10	CA	CA03	22	21	2019-02-26	1082	FALSE	FALSE	FALSE	probiotic	Female	Cobb
CA03.11	CA	CA03	22	21	2019-02-26	930.2	FALSE	FALSE	FALSE	probiotic	Female	Cobb
CA03.12	CA	CA03	22	21	2019-02-26	1049.4	FALSE	FALSE	FALSE	probiotic	Female	Cobb
CA03.13	CA	CA03	35	35	2019-03-11	1966.6	FALSE	FALSE	FALSE	probiotic	Female	Cobb
CA03.14	CA	CA03	35	35	2019-03-11	2164	FALSE	FALSE	FALSE	probiotic	Female	Cobb
CA03.15	CA	CA03	36	35	2019-03-12	2256.8	FALSE	FALSE	FALSE	probiotic	Female	Cobb
CA03.16	CA	CA03	36	35	2019-03-12	2517.2	FALSE	FALSE	FALSE	probiotic	Female	Cobb
CA03.17	CA	CA03	37	35	2019-03-13	1949.8	FALSE	FALSE	FALSE	probiotic	Female	Cobb
CA03.18	CA	CA03	37	35	2019-03-13	2508	FALSE	FALSE	FALSE	probiotic	Female	Cobb
CA04.01	CA	CA04	7	7	2019-02-11	170.8	FALSE	FALSE	FALSE	control	Female	Cobb
CA04.02	CA	CA04	7	7	2019-02-11	194.4	FALSE	FALSE	FALSE	control	Female	Cobb
CA04.03	CA	CA04	7	7	2019-02-11	163.4	FALSE	FALSE	FALSE	control	Female	Cobb
CA04.04	CA	CA04	8	7	2019-02-12	219.4	FALSE	FALSE	FALSE	control	Female	Cobb
CA04.05	CA	CA04	8	7	2019-02-12	197.8	FALSE	FALSE	FALSE	control	Female	Cobb
CA04.06	CA	CA04	8	7	2019-02-12	194	FALSE	FALSE	FALSE	control	Female	Cobb
CA04.07	CA	CA04	21	21	2019-02-25	963	FALSE	FALSE	FALSE	control	Female	Cobb
CA04.08	CA	CA04	21	21	2019-02-25	1032.6	FALSE	FALSE	FALSE	control	Female	Cobb
CA04.09	CA	CA04	21	21	2019-02-25	823.2	FALSE	FALSE	FALSE	control	Female	Cobb
CA04.10	CA	CA04	22	21	2019-02-26	1101.4	FALSE	FALSE	FALSE	control	Female	Cobb
CA04.11	CA	CA04	22	21	2019-02-26	958	FALSE	FALSE	FALSE	control	Female	Cobb
CA04.12	CA	CA04	22	21	2019-02-26	908.8	FALSE	FALSE	FALSE	control	Female	Cobb
CA04.13	CA	CA04	35	35	2019-03-11	2018.8	FALSE	FALSE	FALSE	control	Female	Cobb
CA04.14	CA	CA04	35	35	2019-03-11	2494.8	FALSE	FALSE	FALSE	control	Female	Cobb
CA04.15	CA	CA04	36	35	2019-03-12	2327.6	FALSE	FALSE	FALSE	control	Female	Cobb
CA04.16	CA	CA04	36	35	2019-03-12	2191.6	FALSE	FALSE	FALSE	control	Female	Cobb
CA04.17	CA	CA04	37	35	2019-03-13	2227.4	FALSE	FALSE	FALSE	control	Female	Cobb
CA04.18	CA	CA04	37	35	2019-03-13	2205.2	FALSE	FALSE	FALSE	control	Female	Cobb
CA05.01	CA	CA05	7	7	2019-02-11	176.6	FALSE	FALSE	FALSE	phytobiotic	Female	Ross
CA05.02	CA	CA05	7	7	2019-02-11	169.4	NA	NA	NA	phytobiotic	Female	Ross
CA05.03	CA	CA05	7	7	2019-02-11	156.8	FALSE	FALSE	FALSE	phytobiotic	Female	Ross
CA05.04	CA	CA05	8	7	2019-02-12	201	FALSE	FALSE	FALSE	phytobiotic	Female	Ross
CA05.05	CA	CA05	8	7	2019-02-12	177.8	FALSE	FALSE	FALSE	phytobiotic	Female	Ross
CA05.06	CA	CA05	8	7	2019-02-12	213.6	FALSE	FALSE	FALSE	phytobiotic	Female	Ross
CA05.07	CA	CA05	21	21	2019-02-25	767.4	FALSE	FALSE	FALSE	phytobiotic	Female	Ross
CA05.08	CA	CA05	21	21	2019-02-25	683.6	FALSE	FALSE	FALSE	phytobiotic	Female	Ross
CA05.09	CA	CA05	21	21	2019-02-25	889.4	FALSE	FALSE	FALSE	phytobiotic	Female	Ross
CA05.10	CA	CA05	22	21	2019-02-26	769.6	FALSE	FALSE	FALSE	phytobiotic	Female	Ross
CA05.11	CA	CA05	22	21	2019-02-26	781	FALSE	FALSE	FALSE	phytobiotic	Female	Ross
CA05.12	CA	CA05	22	21	2019-02-26	898.4	FALSE	FALSE	FALSE	phytobiotic	Female	Ross
CA05.13	CA	CA05	35	35	2019-03-11	2216.6	FALSE	FALSE	FALSE	phytobiotic	Female	Ross
CA05.14	CA	CA05	35	35	2019-03-11	1940.2	FALSE	FALSE	FALSE	phytobiotic	Female	Ross
CA05.15	CA	CA05	36	35	2019-03-12	2074.6	FALSE	FALSE	FALSE	phytobiotic	Female	Ross
CA05.16	CA	CA05	36	35	2019-03-12	2069	FALSE	FALSE	FALSE	phytobiotic	Female	Ross
CA05.17	CA	CA05	37	35	2019-03-13	2275.4	FALSE	FALSE	FALSE	phytobiotic	Female	Ross
CA05.18	CA	CA05	37	35	2019-03-13	1910.2	FALSE	FALSE	FALSE	phytobiotic	Female	Ross
CA06.01	CA	CA06	7	7	2019-02-11	160.4	FALSE	FALSE	FALSE	probiotic	Male	Cobb
CA06.02	CA	CA06	7	7	2019-02-11	167	NA	NA	NA	probiotic	Male	Cobb
CA06.03	CA	CA06	7	7	2019-02-11	183.4	FALSE	FALSE	FALSE	probiotic	Male	Cobb
CA06.04	CA	CA06	8	7	2019-02-12	206	FALSE	FALSE	FALSE	probiotic	Male	Cobb
CA06.05	CA	CA06	8	7	2019-02-12	219.8	FALSE	FALSE	FALSE	probiotic	Male	Cobb
CA06.06	CA	CA06	8	7	2019-02-12	163	FALSE	FALSE	FALSE	probiotic	Male	Cobb
CA06.07	CA	CA06	21	21	2019-02-25	928.4	FALSE	FALSE	FALSE	probiotic	Male	Cobb
CA06.08	CA	CA06	21	21	2019-02-25	913.6	FALSE	FALSE	FALSE	probiotic	Male	Cobb
CA06.09	CA	CA06	21	21	2019-02-25	742.6	FALSE	FALSE	FALSE	probiotic	Male	Cobb
CA06.10	CA	CA06	22	21	2019-02-26	1054	FALSE	FALSE	FALSE	probiotic	Male	Cobb
CA06.11	CA	CA06	22	21	2019-02-26	1154.4	FALSE	FALSE	FALSE	probiotic	Male	Cobb
CA06.12	CA	CA06	22	21	2019-02-26	1147.8	FALSE	FALSE	FALSE	probiotic	Male	Cobb
CA06.13	CA	CA06	35	35	2019-03-11	2293	FALSE	FALSE	FALSE	probiotic	Male	Cobb
CA06.14	CA	CA06	35	35	2019-03-11	2526	FALSE	FALSE	FALSE	probiotic	Male	Cobb
CA06.15	CA	CA06	36	35	2019-03-12	2432	FALSE	FALSE	FALSE	probiotic	Male	Cobb
CA06.16	CA	CA06	36	35	2019-03-12	2386	FALSE	FALSE	FALSE	probiotic	Male	Cobb
CA06.17	CA	CA06	37	35	2019-03-13	2592.2	FALSE	FALSE	FALSE	probiotic	Male	Cobb
CA06.18	CA	CA06	37	35	2019-03-13	2112	FALSE	FALSE	FALSE	probiotic	Male	Cobb
CA07.01	CA	CA07	7	7	2019-02-11	185.8	FALSE	FALSE	FALSE	phytobiotic	Male	Cobb
CA07.02	CA	CA07	7	7	2019-02-11	168.2	FALSE	FALSE	FALSE	phytobiotic	Male	Cobb
CA07.03	CA	CA07	7	7	2019-02-11	192.6	FALSE	FALSE	FALSE	phytobiotic	Male	Cobb
CA07.04	CA	CA07	8	7	2019-02-12	236.6	FALSE	FALSE	FALSE	phytobiotic	Male	Cobb
CA07.05	CA	CA07	8	7	2019-02-12	217	FALSE	FALSE	FALSE	phytobiotic	Male	Cobb
CA07.06	CA	CA07	8	7	2019-02-12	183.4	FALSE	FALSE	FALSE	phytobiotic	Male	Cobb
CA07.07	CA	CA07	21	21	2019-02-25	966.2	FALSE	FALSE	FALSE	phytobiotic	Male	Cobb
CA07.08	CA	CA07	21	21	2019-02-25	1103.4	FALSE	FALSE	FALSE	phytobiotic	Male	Cobb
CA07.09	CA	CA07	21	21	2019-02-25	971	FALSE	FALSE	FALSE	phytobiotic	Male	Cobb
CA07.10	CA	CA07	22	21	2019-02-26	1011.6	FALSE	FALSE	FALSE	phytobiotic	Male	Cobb
CA07.11	CA	CA07	22	21	2019-02-26	1185.4	FALSE	FALSE	FALSE	phytobiotic	Male	Cobb
CA07.12	CA	CA07	22	21	2019-02-26	1171.2	FALSE	FALSE	FALSE	phytobiotic	Male	Cobb
CA07.13	CA	CA07	35	35	2019-03-11	2224.8	FALSE	FALSE	FALSE	phytobiotic	Male	Cobb
CA07.14	CA	CA07	35	35	2019-03-11	2622.8	FALSE	FALSE	FALSE	phytobiotic	Male	Cobb
CA07.15	CA	CA07	36	35	2019-03-12	2790.4	FALSE	FALSE	FALSE	phytobiotic	Male	Cobb
CA07.16	CA	CA07	36	35	2019-03-12	2745.2	FALSE	FALSE	FALSE	phytobiotic	Male	Cobb
CA07.17	CA	CA07	37	35	2019-03-13	3018.4	FALSE	FALSE	FALSE	phytobiotic	Male	Cobb
CA07.18	CA	CA07	37	35	2019-03-13	2566.8	FALSE	FALSE	FALSE	phytobiotic	Male	Cobb
CA08.01	CA	CA08	7	7	2019-02-11	171	FALSE	FALSE	FALSE	probiotic	Male	Ross
CA08.02	CA	CA08	7	7	2019-02-11	183.6	FALSE	FALSE	FALSE	probiotic	Male	Ross
CA08.03	CA	CA08	7	7	2019-02-11	121.8	NA	NA	NA	probiotic	Male	Ross
CA08.04	CA	CA08	8	7	2019-02-12	203.4	FALSE	FALSE	FALSE	probiotic	Male	Ross
CA08.05	CA	CA08	8	7	2019-02-12	194.6	NA	NA	NA	probiotic	Male	Ross
CA08.06	CA	CA08	8	7	2019-02-12	224	FALSE	FALSE	FALSE	probiotic	Male	Ross
CA08.07	CA	CA08	21	21	2019-02-25	878.6	FALSE	FALSE	FALSE	probiotic	Male	Ross
CA08.08	CA	CA08	21	21	2019-02-25	1182.2	FALSE	FALSE	FALSE	probiotic	Male	Ross
CA08.09	CA	CA08	21	21	2019-02-25	801.2	FALSE	FALSE	FALSE	probiotic	Male	Ross
CA08.10	CA	CA08	22	21	2019-02-26	988.2	FALSE	FALSE	FALSE	probiotic	Male	Ross
CA08.11	CA	CA08	22	21	2019-02-26	998	FALSE	FALSE	FALSE	probiotic	Male	Ross
CA08.12	CA	CA08	22	21	2019-02-26	1198.8	FALSE	FALSE	FALSE	probiotic	Male	Ross
CA08.13	CA	CA08	35	35	2019-03-11	2346.4	FALSE	FALSE	FALSE	probiotic	Male	Ross
CA08.14	CA	CA08	35	35	2019-03-11	2278.2	FALSE	FALSE	FALSE	probiotic	Male	Ross
CA08.15	CA	CA08	36	35	2019-03-12	2314.2	FALSE	FALSE	FALSE	probiotic	Male	Ross
CA08.16	CA	CA08	36	35	2019-03-12	1725.6	FALSE	FALSE	FALSE	probiotic	Male	Ross
CA08.17	CA	CA08	37	35	2019-03-13	2036.6	FALSE	FALSE	FALSE	probiotic	Male	Ross
CA08.18	CA	CA08	37	35	2019-03-13	2132.8	FALSE	FALSE	FALSE	probiotic	Male	Ross
CA09.01	CA	CA09	7	7	2019-02-11	156	NA	NA	NA	phytobiotic	Female	Cobb
CA09.02	CA	CA09	7	7	2019-02-11	147.6	FALSE	FALSE	FALSE	phytobiotic	Female	Cobb
CA09.03	CA	CA09	7	7	2019-02-11	205.4	FALSE	FALSE	FALSE	phytobiotic	Female	Cobb
CA09.04	CA	CA09	8	7	2019-02-12	202	NA	NA	NA	phytobiotic	Female	Cobb
CA09.05	CA	CA09	8	7	2019-02-12	225.4	FALSE	FALSE	FALSE	phytobiotic	Female	Cobb
CA09.06	CA	CA09	8	7	2019-02-12	146.2	FALSE	FALSE	FALSE	phytobiotic	Female	Cobb
CA09.07	CA	CA09	21	21	2019-02-25	813.2	FALSE	FALSE	FALSE	phytobiotic	Female	Cobb
CA09.08	CA	CA09	21	21	2019-02-25	833.4	FALSE	FALSE	FALSE	phytobiotic	Female	Cobb
CA09.09	CA	CA09	21	21	2019-02-25	931.2	FALSE	FALSE	FALSE	phytobiotic	Female	Cobb
CA09.10	CA	CA09	22	21	2019-02-26	825.2	FALSE	FALSE	FALSE	phytobiotic	Female	Cobb
CA09.11	CA	CA09	22	21	2019-02-26	999.4	FALSE	FALSE	FALSE	phytobiotic	Female	Cobb
CA09.12	CA	CA09	22	21	2019-02-26	1022.6	FALSE	FALSE	FALSE	phytobiotic	Female	Cobb
CA09.13	CA	CA09	35	35	2019-03-11	1778.6	FALSE	FALSE	FALSE	phytobiotic	Female	Cobb
CA09.14	CA	CA09	35	35	2019-03-11	2272.6	FALSE	FALSE	FALSE	phytobiotic	Female	Cobb
CA09.15	CA	CA09	36	35	2019-03-12	2356.6	FALSE	FALSE	FALSE	phytobiotic	Female	Cobb
CA09.16	CA	CA09	36	35	2019-03-12	2525	FALSE	FALSE	FALSE	phytobiotic	Female	Cobb
CA09.17	CA	CA09	37	35	2019-03-13	2249.2	FALSE	FALSE	FALSE	phytobiotic	Female	Cobb
CA09.18	CA	CA09	37	35	2019-03-13	2194.2	FALSE	FALSE	FALSE	phytobiotic	Female	Cobb
CA10.01	CA	CA10	7	7	2019-02-11	179.4	NA	NA	NA	control	Female	Ross
CA10.02	CA	CA10	7	7	2019-02-11	197.2	FALSE	FALSE	FALSE	control	Female	Ross
CA10.03	CA	CA10	7	7	2019-02-11	160.2	NA	NA	NA	control	Female	Ross
CA10.04	CA	CA10	8	7	2019-02-12	183.6	FALSE	FALSE	FALSE	control	Female	Ross
CA10.05	CA	CA10	8	7	2019-02-12	180.4	FALSE	FALSE	FALSE	control	Female	Ross
CA10.06	CA	CA10	8	7	2019-02-12	217.8	FALSE	FALSE	FALSE	control	Female	Ross
CA10.07	CA	CA10	21	21	2019-02-25	711	FALSE	FALSE	FALSE	control	Female	Ross
CA10.08	CA	CA10	21	21	2019-02-25	785.4	FALSE	FALSE	FALSE	control	Female	Ross
CA10.09	CA	CA10	21	21	2019-02-25	851.8	FALSE	FALSE	FALSE	control	Female	Ross
CA10.10	CA	CA10	22	21	2019-02-26	776.8	FALSE	FALSE	FALSE	control	Female	Ross
CA10.11	CA	CA10	22	21	2019-02-26	975.4	FALSE	FALSE	FALSE	control	Female	Ross
CA10.12	CA	CA10	22	21	2019-02-26	688.8	FALSE	FALSE	FALSE	control	Female	Ross
CA10.13	CA	CA10	35	35	2019-03-11	2030	FALSE	FALSE	FALSE	control	Female	Ross
CA10.14	CA	CA10	35	35	2019-03-11	2019.6	FALSE	FALSE	FALSE	control	Female	Ross
CA10.15	CA	CA10	36	35	2019-03-12	2368	FALSE	FALSE	FALSE	control	Female	Ross
CA10.16	CA	CA10	36	35	2019-03-12	2050	FALSE	FALSE	FALSE	control	Female	Ross
CA10.17	CA	CA10	37	35	2019-03-13	2274	FALSE	FALSE	FALSE	control	Female	Ross
CA10.18	CA	CA10	37	35	2019-03-13	2118.8	FALSE	FALSE	FALSE	control	Female	Ross
CA11.01	CA	CA11	7	7	2019-02-11	185.2	NA	NA	NA	control	Male	Ross
CA11.02	CA	CA11	7	7	2019-02-11	171	NA	NA	NA	control	Male	Ross
CA11.03	CA	CA11	7	7	2019-02-11	178.6	FALSE	FALSE	FALSE	control	Male	Ross
CA11.04	CA	CA11	8	7	2019-02-12	179	FALSE	FALSE	FALSE	control	Male	Ross
CA11.05	CA	CA11	8	7	2019-02-12	197	NA	NA	NA	control	Male	Ross
CA11.06	CA	CA11	8	7	2019-02-12	198	FALSE	FALSE	FALSE	control	Male	Ross
CA11.07	CA	CA11	21	21	2019-02-25	712.8	FALSE	FALSE	FALSE	control	Male	Ross
CA11.08	CA	CA11	21	21	2019-02-25	845.6	FALSE	FALSE	FALSE	control	Male	Ross
CA11.09	CA	CA11	21	21	2019-02-25	769.4	FALSE	FALSE	FALSE	control	Male	Ross
CA11.10	CA	CA11	22	21	2019-02-26	883.2	FALSE	FALSE	FALSE	control	Male	Ross
CA11.11	CA	CA11	22	21	2019-02-26	1004.6	FALSE	FALSE	FALSE	control	Male	Ross
CA11.12	CA	CA11	22	21	2019-02-26	1053.4	FALSE	FALSE	FALSE	control	Male	Ross
CA11.13	CA	CA11	35	35	2019-03-11	2364.8	FALSE	FALSE	FALSE	control	Male	Ross
CA11.14	CA	CA11	35	35	2019-03-11	1830.8	FALSE	FALSE	FALSE	control	Male	Ross
CA11.15	CA	CA11	36	35	2019-03-12	2044.2	FALSE	FALSE	FALSE	control	Male	Ross
CA11.16	CA	CA11	36	35	2019-03-12	2074.4	FALSE	FALSE	FALSE	control	Male	Ross
CA11.17	CA	CA11	37	35	2019-03-13	2463.6	FALSE	FALSE	FALSE	control	Male	Ross
CA11.18	CA	CA11	37	35	2019-03-13	2189	FALSE	FALSE	FALSE	control	Male	Ross
CA12.01	CA	CA12	7	7	2019-02-11	179.6	FALSE	FALSE	FALSE	phytobiotic	Male	Ross
CA12.02	CA	CA12	7	7	2019-02-11	191	FALSE	FALSE	FALSE	phytobiotic	Male	Ross
CA12.03	CA	CA12	7	7	2019-02-11	162.4	FALSE	FALSE	FALSE	phytobiotic	Male	Ross
CA12.04	CA	CA12	8	7	2019-02-12	182.6	FALSE	FALSE	FALSE	phytobiotic	Male	Ross
CA12.05	CA	CA12	8	7	2019-02-12	215.6	FALSE	FALSE	FALSE	phytobiotic	Male	Ross
CA12.06	CA	CA12	7	7	2019-02-11	165.4	NA	NA	NA	phytobiotic	Male	Ross
CA12.07	CA	CA12	21	21	2019-02-25	847.8	FALSE	FALSE	FALSE	phytobiotic	Male	Ross
CA12.08	CA	CA12	21	21	2019-02-25	943	FALSE	FALSE	FALSE	phytobiotic	Male	Ross
CA12.09	CA	CA12	21	21	2019-02-25	816.4	FALSE	FALSE	FALSE	phytobiotic	Male	Ross
CA12.10	CA	CA12	22	21	2019-02-26	856.6	FALSE	FALSE	FALSE	phytobiotic	Male	Ross
CA12.11	CA	CA12	22	21	2019-02-26	1146.8	FALSE	FALSE	FALSE	phytobiotic	Male	Ross
CA12.12	CA	CA12	22	21	2019-02-26	845.4	FALSE	FALSE	FALSE	phytobiotic	Male	Ross
CA12.13	CA	CA12	35	35	2019-03-11	1501.8	FALSE	FALSE	FALSE	phytobiotic	Male	Ross
CA12.14	CA	CA12	35	35	2019-03-11	2376.6	FALSE	FALSE	FALSE	phytobiotic	Male	Ross
CA12.15	CA	CA12	36	35	2019-03-12	2189.8	FALSE	FALSE	FALSE	phytobiotic	Male	Ross
CA12.16	CA	CA12	36	35	2019-03-12	2201.2	FALSE	FALSE	FALSE	phytobiotic	Male	Ross
CA12.17	CA	CA12	37	35	2019-03-13	2417.4	FALSE	FALSE	FALSE	phytobiotic	Male	Ross
CA12.18	CA	CA12	37	35	2019-03-13	2248.4	FALSE	FALSE	FALSE	phytobiotic	Male	Ross
CA13.01	CA	CA13	7	7	2019-02-11	172.4	FALSE	FALSE	FALSE	phytobiotic	Male	Cobb
CA13.02	CA	CA13	7	7	2019-02-11	171	FALSE	FALSE	FALSE	phytobiotic	Male	Cobb
CA13.03	CA	CA13	8	7	2019-02-12	218.4	FALSE	FALSE	FALSE	phytobiotic	Male	Cobb
CA13.04	CA	CA13	8	7	2019-02-12	207.8	FALSE	FALSE	FALSE	phytobiotic	Male	Cobb
CA13.05	CA	CA13	8	7	2019-02-12	203.4	FALSE	FALSE	FALSE	phytobiotic	Male	Cobb
CA13.06	CA	CA13	7	7	2019-02-11	166.8	FALSE	FALSE	FALSE	phytobiotic	Male	Cobb
CA13.07	CA	CA13	21	21	2019-02-25	1008.2	FALSE	FALSE	FALSE	phytobiotic	Male	Cobb
CA13.08	CA	CA13	21	21	2019-02-25	1090.4	FALSE	FALSE	FALSE	phytobiotic	Male	Cobb
CA13.09	CA	CA13	21	21	2019-02-25	1047.2	FALSE	FALSE	FALSE	phytobiotic	Male	Cobb
CA13.10	CA	CA13	22	21	2019-02-26	1054.4	FALSE	FALSE	FALSE	phytobiotic	Male	Cobb
CA13.11	CA	CA13	22	21	2019-02-26	1057.6	FALSE	FALSE	FALSE	phytobiotic	Male	Cobb
CA13.12	CA	CA13	22	21	2019-02-26	820.6	FALSE	FALSE	FALSE	phytobiotic	Male	Cobb
CA13.13	CA	CA13	35	35	2019-03-11	2230.4	FALSE	FALSE	FALSE	phytobiotic	Male	Cobb
CA13.14	CA	CA13	35	35	2019-03-11	2911.4	FALSE	FALSE	FALSE	phytobiotic	Male	Cobb
CA13.15	CA	CA13	36	35	2019-03-12	2317	FALSE	FALSE	FALSE	phytobiotic	Male	Cobb
CA13.16	CA	CA13	36	35	2019-03-12	3134.6	FALSE	FALSE	FALSE	phytobiotic	Male	Cobb
CA13.17	CA	CA13	37	35	2019-03-13	2378	FALSE	FALSE	FALSE	phytobiotic	Male	Cobb
CA13.18	CA	CA13	37	35	2019-03-13	2402.6	FALSE	FALSE	FALSE	phytobiotic	Male	Cobb
CA14.01	CA	CA14	7	7	2019-02-11	194.8	FALSE	FALSE	FALSE	control	Female	Ross
CA14.02	CA	CA14	7	7	2019-02-11	160	FALSE	FALSE	FALSE	control	Female	Ross
CA14.03	CA	CA14	8	7	2019-02-12	169.2	NA	NA	NA	control	Female	Ross
CA14.04	CA	CA14	8	7	2019-02-12	188	FALSE	FALSE	FALSE	control	Female	Ross
CA14.05	CA	CA14	8	7	2019-02-12	205.6	FALSE	FALSE	FALSE	control	Female	Ross
CA14.06	CA	CA14	7	7	2019-02-11	188.4	FALSE	FALSE	FALSE	control	Female	Ross
CA14.07	CA	CA14	21	21	2019-02-25	1067.6	FALSE	FALSE	FALSE	control	Female	Ross
CA14.08	CA	CA14	21	21	2019-02-25	1019.6	FALSE	FALSE	FALSE	control	Female	Ross
CA14.09	CA	CA14	21	21	2019-02-25	820.2	FALSE	FALSE	FALSE	control	Female	Ross
CA14.10	CA	CA14	22	21	2019-02-26	897.4	FALSE	FALSE	FALSE	control	Female	Ross
CA14.11	CA	CA14	22	21	2019-02-26	794	FALSE	FALSE	FALSE	control	Female	Ross
CA14.12	CA	CA14	22	21	2019-02-26	973.6	FALSE	FALSE	FALSE	control	Female	Ross
CA14.13	CA	CA14	35	35	2019-03-11	1819	FALSE	FALSE	FALSE	control	Female	Ross
CA14.14	CA	CA14	35	35	2019-03-11	2293.8	FALSE	FALSE	FALSE	control	Female	Ross
CA14.15	CA	CA14	36	35	2019-03-12	2089.6	FALSE	FALSE	FALSE	control	Female	Ross
CA14.16	CA	CA14	36	35	2019-03-12	2245.8	FALSE	FALSE	FALSE	control	Female	Ross
CA14.17	CA	CA14	37	35	2019-03-13	2369	FALSE	FALSE	FALSE	control	Female	Ross
CA14.18	CA	CA14	37	35	2019-03-13	1944	FALSE	FALSE	FALSE	control	Female	Ross
CA15.01	CA	CA15	7	7	2019-02-11	181.4	FALSE	FALSE	FALSE	phytobiotic	Female	Cobb
CA15.02	CA	CA15	7	7	2019-02-11	198.2	FALSE	FALSE	FALSE	phytobiotic	Female	Cobb
CA15.03	CA	CA15	8	7	2019-02-12	236.2	FALSE	FALSE	FALSE	phytobiotic	Female	Cobb
CA15.04	CA	CA15	8	7	2019-02-12	217.6	FALSE	FALSE	FALSE	phytobiotic	Female	Cobb
CA15.05	CA	CA15	8	7	2019-02-12	220.4	NA	NA	NA	phytobiotic	Female	Cobb
CA15.06	CA	CA15	8	7	2019-02-12	158	FALSE	FALSE	FALSE	phytobiotic	Female	Cobb
CA15.07	CA	CA15	21	21	2019-02-25	1088	FALSE	FALSE	FALSE	phytobiotic	Female	Cobb
CA15.08	CA	CA15	21	21	2019-02-25	972.6	FALSE	FALSE	FALSE	phytobiotic	Female	Cobb
CA15.09	CA	CA15	21	21	2019-02-25	1024.6	FALSE	FALSE	FALSE	phytobiotic	Female	Cobb
CA15.10	CA	CA15	22	21	2019-02-26	1123.6	FALSE	FALSE	FALSE	phytobiotic	Female	Cobb
CA15.11	CA	CA15	22	21	2019-02-26	1121.8	FALSE	FALSE	FALSE	phytobiotic	Female	Cobb
CA15.12	CA	CA15	22	21	2019-02-26	949.4	FALSE	FALSE	FALSE	phytobiotic	Female	Cobb
CA15.13	CA	CA15	35	35	2019-03-11	2160.4	FALSE	FALSE	FALSE	phytobiotic	Female	Cobb
CA15.14	CA	CA15	35	35	2019-03-11	2352	FALSE	FALSE	FALSE	phytobiotic	Female	Cobb
CA15.15	CA	CA15	36	35	2019-03-12	2480.6	FALSE	FALSE	FALSE	phytobiotic	Female	Cobb
CA15.16	CA	CA15	36	35	2019-03-12	2355.6	FALSE	FALSE	FALSE	phytobiotic	Female	Cobb
CA15.17	CA	CA15	37	35	2019-03-13	2238.2	FALSE	FALSE	FALSE	phytobiotic	Female	Cobb
CA15.18	CA	CA15	37	35	2019-03-13	2267.8	FALSE	FALSE	FALSE	phytobiotic	Female	Cobb
CA16.01	CA	CA16	7	7	2019-02-11	192.4	FALSE	FALSE	FALSE	probiotic	Male	Cobb
CA16.02	CA	CA16	7	7	2019-02-11	164.6	FALSE	FALSE	FALSE	probiotic	Male	Cobb
CA16.03	CA	CA16	7	7	2019-02-11	210	FALSE	FALSE	FALSE	probiotic	Male	Cobb
CA16.04	CA	CA16	8	7	2019-02-12	225.6	FALSE	FALSE	FALSE	probiotic	Male	Cobb
CA16.05	CA	CA16	8	7	2019-02-12	199.2	FALSE	FALSE	FALSE	probiotic	Male	Cobb
CA16.06	CA	CA16	8	7	2019-02-12	199.2	FALSE	FALSE	FALSE	probiotic	Male	Cobb
CA16.07	CA	CA16	21	21	2019-02-25	789.8	FALSE	FALSE	FALSE	probiotic	Male	Cobb
CA16.08	CA	CA16	21	21	2019-02-25	1115.8	FALSE	FALSE	FALSE	probiotic	Male	Cobb
CA16.09	CA	CA16	21	21	2019-02-25	920.4	FALSE	FALSE	FALSE	probiotic	Male	Cobb
CA16.10	CA	CA16	22	21	2019-02-26	1123.2	FALSE	FALSE	FALSE	probiotic	Male	Cobb
CA16.11	CA	CA16	22	21	2019-02-26	1141.6	FALSE	FALSE	FALSE	probiotic	Male	Cobb
CA16.12	CA	CA16	22	21	2019-02-26	1196.2	FALSE	FALSE	FALSE	probiotic	Male	Cobb
CA16.13	CA	CA16	35	35	2019-03-11	2191	FALSE	FALSE	FALSE	probiotic	Male	Cobb
CA16.14	CA	CA16	35	35	2019-03-11	2796.2	FALSE	FALSE	FALSE	probiotic	Male	Cobb
CA16.15	CA	CA16	36	35	2019-03-12	2671	FALSE	FALSE	FALSE	probiotic	Male	Cobb
CA16.16	CA	CA16	36	35	2019-03-12	2525.2	FALSE	FALSE	FALSE	probiotic	Male	Cobb
CA16.17	CA	CA16	37	35	2019-03-13	2352	FALSE	FALSE	FALSE	probiotic	Male	Cobb
CA16.18	CA	CA16	37	35	2019-03-13	2977	FALSE	FALSE	FALSE	probiotic	Male	Cobb
CA17.01	CA	CA17	7	7	2019-02-11	202	NA	NA	NA	probiotic	Male	Ross
CA17.02	CA	CA17	7	7	2019-02-11	192.2	FALSE	FALSE	FALSE	probiotic	Male	Ross
CA17.03	CA	CA17	7	7	2019-02-11	174.2	FALSE	FALSE	FALSE	probiotic	Male	Ross
CA17.04	CA	CA17	8	7	2019-02-12	228.6	FALSE	FALSE	FALSE	probiotic	Male	Ross
CA17.05	CA	CA17	8	7	2019-02-12	187.2	FALSE	FALSE	FALSE	probiotic	Male	Ross
CA17.06	CA	CA17	8	7	2019-02-12	249.6	FALSE	FALSE	FALSE	probiotic	Male	Ross
CA17.07	CA	CA17	21	21	2019-02-25	1232	FALSE	FALSE	FALSE	probiotic	Male	Ross
CA17.08	CA	CA17	21	21	2019-02-25	944.2	FALSE	FALSE	FALSE	probiotic	Male	Ross
CA17.09	CA	CA17	21	21	2019-02-25	785.6	FALSE	FALSE	FALSE	probiotic	Male	Ross
CA17.10	CA	CA17	22	21	2019-02-26	1023.6	FALSE	FALSE	FALSE	probiotic	Male	Ross
CA17.11	CA	CA17	22	21	2019-02-26	1045.4	FALSE	FALSE	FALSE	probiotic	Male	Ross
CA17.12	CA	CA17	22	21	2019-02-26	812.8	FALSE	FALSE	FALSE	probiotic	Male	Ross
CA17.13	CA	CA17	35	35	2019-03-11	1659.2	FALSE	FALSE	FALSE	probiotic	Male	Ross
CA17.14	CA	CA17	35	35	2019-03-11	2230.8	FALSE	FALSE	FALSE	probiotic	Male	Ross
CA17.15	CA	CA17	36	35	2019-03-12	2475	FALSE	FALSE	FALSE	probiotic	Male	Ross
CA17.16	CA	CA17	36	35	2019-03-12	2389.8	FALSE	FALSE	FALSE	probiotic	Male	Ross
CA17.17	CA	CA17	37	35	2019-03-13	2233.6	FALSE	FALSE	FALSE	probiotic	Male	Ross
CA17.18	CA	CA17	37	35	2019-03-13	2335.6	FALSE	FALSE	FALSE	probiotic	Male	Ross
CA18.01	CA	CA18	7	7	2019-02-11	155.6	FALSE	FALSE	FALSE	control	Female	Cobb
CA18.02	CA	CA18	7	7	2019-02-11	170	FALSE	FALSE	FALSE	control	Female	Cobb
CA18.03	CA	CA18	7	7	2019-02-11	183	FALSE	FALSE	FALSE	control	Female	Cobb
CA18.04	CA	CA18	8	7	2019-02-12	250.6	FALSE	FALSE	FALSE	control	Female	Cobb
CA18.05	CA	CA18	8	7	2019-02-12	210.6	FALSE	FALSE	FALSE	control	Female	Cobb
CA18.06	CA	CA18	8	7	2019-02-12	164.4	NA	NA	NA	control	Female	Cobb
CA18.07	CA	CA18	21	21	2019-02-25	932.4	FALSE	FALSE	FALSE	control	Female	Cobb
CA18.08	CA	CA18	21	21	2019-02-25	883.6	FALSE	FALSE	FALSE	control	Female	Cobb
CA18.09	CA	CA18	21	21	2019-02-25	1149.8	FALSE	FALSE	FALSE	control	Female	Cobb
CA18.10	CA	CA18	22	21	2019-02-26	1035.4	FALSE	FALSE	FALSE	control	Female	Cobb
CA18.11	CA	CA18	22	21	2019-02-26	832	FALSE	FALSE	FALSE	control	Female	Cobb
CA18.12	CA	CA18	22	21	2019-02-26	931.2	FALSE	FALSE	FALSE	control	Female	Cobb
CA18.13	CA	CA18	35	35	2019-03-11	1998.6	FALSE	FALSE	FALSE	control	Female	Cobb
CA18.14	CA	CA18	35	35	2019-03-11	2250.8	FALSE	FALSE	FALSE	control	Female	Cobb
CA18.15	CA	CA18	36	35	2019-03-12	2392.6	FALSE	FALSE	FALSE	control	Female	Cobb
CA18.16	CA	CA18	36	35	2019-03-12	2176	FALSE	FALSE	FALSE	control	Female	Cobb
CA18.17	CA	CA18	37	35	2019-03-13	2244.4	FALSE	FALSE	FALSE	control	Female	Cobb
CA18.18	CA	CA18	37	35	2019-03-13	2340.2	FALSE	FALSE	FALSE	control	Female	Cobb
CA19.01	CA	CA19	7	7	2019-02-11	151.4	FALSE	FALSE	FALSE	probiotic	Female	Ross
CA19.02	CA	CA19	7	7	2019-02-11	182.2	NA	NA	NA	probiotic	Female	Ross
CA19.03	CA	CA19	7	7	2019-02-11	173.6	NA	NA	NA	probiotic	Female	Ross
CA19.04	CA	CA19	8	7	2019-02-12	196.2	NA	NA	NA	probiotic	Female	Ross
CA19.05	CA	CA19	8	7	2019-02-12	191	NA	NA	NA	probiotic	Female	Ross
CA19.06	CA	CA19	8	7	2019-02-12	208	FALSE	FALSE	FALSE	probiotic	Female	Ross
CA19.07	CA	CA19	21	21	2019-02-25	935.4	FALSE	FALSE	FALSE	probiotic	Female	Ross
CA19.08	CA	CA19	21	21	2019-02-25	913.2	FALSE	FALSE	FALSE	probiotic	Female	Ross
CA19.09	CA	CA19	21	21	2019-02-25	833	FALSE	FALSE	FALSE	probiotic	Female	Ross
CA19.10	CA	CA19	22	21	2019-02-26	780.6	FALSE	FALSE	FALSE	probiotic	Female	Ross
CA19.11	CA	CA19	22	21	2019-02-26	801.4	FALSE	FALSE	FALSE	probiotic	Female	Ross
CA19.12	CA	CA19	22	21	2019-02-26	874.8	FALSE	FALSE	FALSE	probiotic	Female	Ross
CA19.13	CA	CA19	35	35	2019-03-11	1847.2	FALSE	FALSE	FALSE	probiotic	Female	Ross
CA19.14	CA	CA19	35	35	2019-03-11	1670.6	FALSE	FALSE	FALSE	probiotic	Female	Ross
CA19.15	CA	CA19	36	35	2019-03-12	2013.4	FALSE	FALSE	FALSE	probiotic	Female	Ross
CA19.16	CA	CA19	36	35	2019-03-12	2180.8	FALSE	FALSE	FALSE	probiotic	Female	Ross
CA19.17	CA	CA19	37	35	2019-03-13	2291.8	FALSE	FALSE	FALSE	probiotic	Female	Ross
CA19.18	CA	CA19	37	35	2019-03-13	2143.4	FALSE	FALSE	FALSE	probiotic	Female	Ross
CA20.01	CA	CA20	7	7	2019-02-11	169.6	NA	NA	NA	probiotic	Female	Cobb
CA20.02	CA	CA20	7	7	2019-02-11	171.2	FALSE	FALSE	FALSE	probiotic	Female	Cobb
CA20.03	CA	CA20	7	7	2019-02-11	213.4	FALSE	FALSE	FALSE	probiotic	Female	Cobb
CA20.04	CA	CA20	8	7	2019-02-12	189.8	NA	NA	NA	probiotic	Female	Cobb
CA20.05	CA	CA20	8	7	2019-02-12	231.4	FALSE	FALSE	FALSE	probiotic	Female	Cobb
CA20.06	CA	CA20	8	7	2019-02-12	214.8	NA	NA	NA	probiotic	Female	Cobb
CA20.07	CA	CA20	21	21	2019-02-25	960.6	FALSE	FALSE	FALSE	probiotic	Female	Cobb
CA20.08	CA	CA20	21	21	2019-02-25	717.8	FALSE	FALSE	FALSE	probiotic	Female	Cobb
CA20.09	CA	CA20	21	21	2019-02-25	904.2	FALSE	FALSE	FALSE	probiotic	Female	Cobb
CA20.10	CA	CA20	22	21	2019-02-26	1057	FALSE	FALSE	FALSE	probiotic	Female	Cobb
CA20.11	CA	CA20	22	21	2019-02-26	1000.6	FALSE	FALSE	FALSE	probiotic	Female	Cobb
CA20.12	CA	CA20	22	21	2019-02-26	1096.2	FALSE	FALSE	FALSE	probiotic	Female	Cobb
CA20.13	CA	CA20	35	35	2019-03-11	2091.2	FALSE	FALSE	FALSE	probiotic	Female	Cobb
CA20.14	CA	CA20	35	35	2019-03-11	2256.2	FALSE	FALSE	FALSE	probiotic	Female	Cobb
CA20.15	CA	CA20	36	35	2019-03-12	2211.6	FALSE	FALSE	FALSE	probiotic	Female	Cobb
CA20.16	CA	CA20	36	35	2019-03-12	2395.8	FALSE	FALSE	FALSE	probiotic	Female	Cobb
CA20.17	CA	CA20	37	35	2019-03-13	2214.6	FALSE	FALSE	FALSE	probiotic	Female	Cobb
CA20.18	CA	CA20	37	35	2019-03-13	2349.2	FALSE	FALSE	FALSE	probiotic	Female	Cobb
CA21.01	CA	CA21	7	7	2019-02-11	219.2	FALSE	FALSE	FALSE	phytobiotic	Male	Ross
CA21.02	CA	CA21	7	7	2019-02-11	172	FALSE	FALSE	FALSE	phytobiotic	Male	Ross
CA21.03	CA	CA21	7	7	2019-02-11	202.6	NA	NA	NA	phytobiotic	Male	Ross
CA21.04	CA	CA21	8	7	2019-02-12	201	FALSE	FALSE	FALSE	phytobiotic	Male	Ross
CA21.05	CA	CA21	8	7	2019-02-12	187.6	FALSE	FALSE	FALSE	phytobiotic	Male	Ross
CA21.06	CA	CA21	8	7	2019-02-12	176	FALSE	FALSE	FALSE	phytobiotic	Male	Ross
CA21.07	CA	CA21	21	21	2019-02-25	886.8	FALSE	FALSE	FALSE	phytobiotic	Male	Ross
CA21.08	CA	CA21	21	21	2019-02-25	810.4	FALSE	FALSE	FALSE	phytobiotic	Male	Ross
CA21.09	CA	CA21	21	21	2019-02-25	943.6	FALSE	FALSE	FALSE	phytobiotic	Male	Ross
CA21.10	CA	CA21	22	21	2019-02-26	719	FALSE	FALSE	FALSE	phytobiotic	Male	Ross
CA21.11	CA	CA21	22	21	2019-02-26	842	FALSE	FALSE	FALSE	phytobiotic	Male	Ross
CA21.12	CA	CA21	22	21	2019-02-26	1133.6	FALSE	FALSE	FALSE	phytobiotic	Male	Ross
CA21.13	CA	CA21	35	35	2019-03-11	2519.8	FALSE	FALSE	FALSE	phytobiotic	Male	Ross
CA21.14	CA	CA21	35	35	2019-03-11	2598.8	FALSE	FALSE	FALSE	phytobiotic	Male	Ross
CA21.15	CA	CA21	36	35	2019-03-12	1908.6	FALSE	FALSE	FALSE	phytobiotic	Male	Ross
CA21.16	CA	CA21	36	35	2019-03-12	1916.4	FALSE	FALSE	FALSE	phytobiotic	Male	Ross
CA21.17	CA	CA21	37	35	2019-03-13	1930.8	FALSE	FALSE	FALSE	phytobiotic	Male	Ross
CA21.18	CA	CA21	37	35	2019-03-13	2401.2	FALSE	FALSE	FALSE	phytobiotic	Male	Ross
CA22.01	CA	CA22	7	7	2019-02-11	173.2	NA	NA	NA	control	Male	Cobb
CA22.02	CA	CA22	7	7	2019-02-11	177.6	NA	NA	NA	control	Male	Cobb
CA22.03	CA	CA22	7	7	2019-02-11	194.2	FALSE	FALSE	FALSE	control	Male	Cobb
CA22.04	CA	CA22	8	7	2019-02-12	215.2	FALSE	FALSE	FALSE	control	Male	Cobb
CA22.05	CA	CA22	8	7	2019-02-12	272.6	FALSE	FALSE	FALSE	control	Male	Cobb
CA22.06	CA	CA22	8	7	2019-02-12	216	FALSE	FALSE	FALSE	control	Male	Cobb
CA22.07	CA	CA22	21	21	2019-02-25	912.6	FALSE	FALSE	FALSE	control	Male	Cobb
CA22.08	CA	CA22	21	21	2019-02-25	1003	FALSE	FALSE	FALSE	control	Male	Cobb
CA22.09	CA	CA22	21	21	2019-02-25	962.4	FALSE	FALSE	FALSE	control	Male	Cobb
CA22.10	CA	CA22	22	21	2019-02-26	989.4	FALSE	FALSE	FALSE	control	Male	Cobb
CA22.11	CA	CA22	22	21	2019-02-26	1198.8	FALSE	FALSE	FALSE	control	Male	Cobb
CA22.12	CA	CA22	22	21	2019-02-26	866.8	FALSE	FALSE	FALSE	control	Male	Cobb
CA22.13	CA	CA22	35	35	2019-03-11	2333	FALSE	FALSE	FALSE	control	Male	Cobb
CA22.14	CA	CA22	35	35	2019-03-11	2428.8	FALSE	FALSE	FALSE	control	Male	Cobb
CA22.15	CA	CA22	36	35	2019-03-12	2385.4	FALSE	FALSE	FALSE	control	Male	Cobb
CA22.16	CA	CA22	36	35	2019-03-12	2195.6	FALSE	FALSE	FALSE	control	Male	Cobb
CA22.17	CA	CA22	37	35	2019-03-13	2671.2	FALSE	FALSE	FALSE	control	Male	Cobb
CA22.18	CA	CA22	37	35	2019-03-13	2871	FALSE	TRUE	FALSE	control	Male	Cobb
CA23.01	CA	CA23	7	7	2019-02-11	194.6	NA	NA	NA	control	Male	Ross
CA23.02	CA	CA23	7	7	2019-02-11	181.6	FALSE	FALSE	FALSE	control	Male	Ross
CA23.03	CA	CA23	7	7	2019-02-11	182.8	NA	NA	NA	control	Male	Ross
CA23.04	CA	CA23	8	7	2019-02-12	233	FALSE	FALSE	FALSE	control	Male	Ross
CA23.05	CA	CA23	8	7	2019-02-12	217	FALSE	FALSE	FALSE	control	Male	Ross
CA23.06	CA	CA23	8	7	2019-02-12	181.6	NA	NA	NA	control	Male	Ross
CA23.07	CA	CA23	21	21	2019-02-25	954.8	FALSE	FALSE	FALSE	control	Male	Ross
CA23.08	CA	CA23	21	21	2019-02-25	862.8	FALSE	FALSE	FALSE	control	Male	Ross
CA23.09	CA	CA23	21	21	2019-02-25	986.8	FALSE	FALSE	FALSE	control	Male	Ross
CA23.10	CA	CA23	22	21	2019-02-26	1038.6	FALSE	FALSE	FALSE	control	Male	Ross
CA23.11	CA	CA23	22	21	2019-02-26	787	FALSE	FALSE	FALSE	control	Male	Ross
CA23.12	CA	CA23	22	21	2019-02-26	919.2	FALSE	FALSE	FALSE	control	Male	Ross
CA23.13	CA	CA23	35	35	2019-03-11	2346.6	FALSE	FALSE	FALSE	control	Male	Ross
CA23.14	CA	CA23	35	35	2019-03-11	1923.4	FALSE	FALSE	FALSE	control	Male	Ross
CA23.15	CA	CA23	36	35	2019-03-12	1986.2	FALSE	FALSE	FALSE	control	Male	Ross
CA23.16	CA	CA23	36	35	2019-03-12	2491.2	FALSE	FALSE	FALSE	control	Male	Ross
CA23.17	CA	CA23	37	35	2019-03-13	2317.4	FALSE	FALSE	FALSE	control	Male	Ross
CA23.18	CA	CA23	37	35	2019-03-13	2327.4	FALSE	FALSE	FALSE	control	Male	Ross
CA24.01	CA	CA24	7	7	2019-02-11	180	FALSE	FALSE	FALSE	phytobiotic	Female	Ross
CA24.02	CA	CA24	7	7	2019-02-11	196.8	NA	NA	NA	phytobiotic	Female	Ross
CA24.03	CA	CA24	7	7	2019-02-11	186.4	NA	NA	NA	phytobiotic	Female	Ross
CA24.04	CA	CA24	8	7	2019-02-12	185.2	FALSE	FALSE	FALSE	phytobiotic	Female	Ross
CA24.05	CA	CA24	8	7	2019-02-12	171.6	FALSE	FALSE	FALSE	phytobiotic	Female	Ross
CA24.06	CA	CA24	8	7	2019-02-12	191.4	FALSE	FALSE	FALSE	phytobiotic	Female	Ross
CA24.07	CA	CA24	21	21	2019-02-25	870.4	FALSE	FALSE	FALSE	phytobiotic	Female	Ross
CA24.08	CA	CA24	21	21	2019-02-25	892.8	FALSE	FALSE	FALSE	phytobiotic	Female	Ross
CA24.09	CA	CA24	21	21	2019-02-25	807.8	FALSE	FALSE	FALSE	phytobiotic	Female	Ross
CA24.10	CA	CA24	22	21	2019-02-26	769.6	FALSE	FALSE	FALSE	phytobiotic	Female	Ross
CA24.11	CA	CA24	22	21	2019-02-26	953.8	FALSE	FALSE	FALSE	phytobiotic	Female	Ross
CA24.12	CA	CA24	22	21	2019-02-26	1019.2	FALSE	FALSE	FALSE	phytobiotic	Female	Ross
CA24.13	CA	CA24	35	35	2019-03-11	1711.2	FALSE	FALSE	FALSE	phytobiotic	Female	Ross
CA24.14	CA	CA24	35	35	2019-03-11	1962	FALSE	FALSE	FALSE	phytobiotic	Female	Ross
CA24.15	CA	CA24	36	35	2019-03-12	2041.8	FALSE	FALSE	FALSE	phytobiotic	Female	Ross
CA24.16	CA	CA24	36	35	2019-03-12	1940.2	FALSE	FALSE	FALSE	phytobiotic	Female	Ross
CA24.17	CA	CA24	37	35	2019-03-13	2106.2	FALSE	FALSE	FALSE	phytobiotic	Female	Ross
CA24.18	CA	CA24	37	35	2019-03-13	2019.2	FALSE	FALSE	FALSE	phytobiotic	Female	Ross
CB01.01	CB	CB01	NA	7	NA	172.8	NA	NA	NA	phytobiotic	Female	Cobb
CB01.02	CB	CB01	7	7	2019-05-06	159	NA	NA	NA	phytobiotic	Female	Cobb
CB01.03	CB	CB01	7	7	2019-05-06	209.7	NA	NA	NA	phytobiotic	Female	Cobb
CB01.04	CB	CB01	8	7	2019-05-07	196.7	NA	NA	NA	phytobiotic	Female	Cobb
CB01.05	CB	CB01	8	7	2019-05-07	230.3	FALSE	FALSE	FALSE	phytobiotic	Female	Cobb
CB01.06	CB	CB01	8	7	2019-05-07	215.2	NA	NA	NA	phytobiotic	Female	Cobb
CB01.07	CB	CB01	21	21	2019-05-20	1000	FALSE	FALSE	FALSE	phytobiotic	Female	Cobb
CB01.08	CB	CB01	21	21	2019-05-20	1000	FALSE	FALSE	FALSE	phytobiotic	Female	Cobb
CB01.09	CB	CB01	21	21	2019-05-20	950	FALSE	FALSE	FALSE	phytobiotic	Female	Cobb
CB01.10	CB	CB01	22	21	2019-05-21	1045.3	FALSE	FALSE	FALSE	phytobiotic	Female	Cobb
CB01.11	CB	CB01	22	21	2019-05-21	1080.4	FALSE	FALSE	FALSE	phytobiotic	Female	Cobb
CB01.12	CB	CB01	22	21	2019-05-21	984.3	FALSE	FALSE	FALSE	phytobiotic	Female	Cobb
CB01.13	CB	CB01	35	35	2019-06-03	2305.3	FALSE	FALSE	FALSE	phytobiotic	Female	Cobb
CB01.14	CB	CB01	35	35	2019-06-03	2114.5	FALSE	FALSE	FALSE	phytobiotic	Female	Cobb
CB01.15	CB	CB01	36	35	2019-06-04	2077.3	FALSE	FALSE	FALSE	phytobiotic	Female	Cobb
CB01.16	CB	CB01	36	35	2019-06-04	2169.2	FALSE	FALSE	FALSE	phytobiotic	Female	Cobb
CB01.17	CB	CB01	37	35	2019-06-05	2371.6	FALSE	FALSE	FALSE	phytobiotic	Female	Cobb
CB01.18	CB	CB01	37	35	2019-06-05	1931.7	FALSE	FALSE	FALSE	phytobiotic	Female	Cobb
CB02.01	CB	CB02	7	7	2019-05-06	174.6	NA	NA	NA	phytobiotic	Male	Ross
CB02.02	CB	CB02	7	7	2019-05-06	177.4	FALSE	FALSE	FALSE	phytobiotic	Male	Ross
CB02.03	CB	CB02	7	7	2019-05-06	166.3	FALSE	FALSE	FALSE	phytobiotic	Male	Ross
CB02.04	CB	CB02	8	7	2019-05-07	202.9	FALSE	FALSE	FALSE	phytobiotic	Male	Ross
CB02.05	CB	CB02	8	7	2019-05-07	202.9	FALSE	FALSE	FALSE	phytobiotic	Male	Ross
CB02.06	CB	CB02	8	7	2019-05-07	199.6	FALSE	FALSE	FALSE	phytobiotic	Male	Ross
CB02.07	CB	CB02	21	21	2019-05-20	776	FALSE	FALSE	FALSE	phytobiotic	Male	Ross
CB02.08	CB	CB02	21	21	2019-05-20	1018.8	FALSE	FALSE	FALSE	phytobiotic	Male	Ross
CB02.09	CB	CB02	21	21	2019-05-20	851.7	FALSE	FALSE	FALSE	phytobiotic	Male	Ross
CB02.10	CB	CB02	22	21	2019-05-21	1077.8	FALSE	FALSE	FALSE	phytobiotic	Male	Ross
CB02.11	CB	CB02	22	21	2019-05-21	1103.6	FALSE	FALSE	FALSE	phytobiotic	Male	Ross
CB02.12	CB	CB02	22	21	2019-05-21	717	FALSE	FALSE	FALSE	phytobiotic	Male	Ross
CB02.13	CB	CB02	35	35	2019-06-03	2212.6	FALSE	FALSE	FALSE	phytobiotic	Male	Ross
CB02.14	CB	CB02	35	35	2019-06-03	2158.6	FALSE	FALSE	FALSE	phytobiotic	Male	Ross
CB02.15	CB	CB02	36	35	2019-06-04	1903.6	NA	NA	NA	phytobiotic	Male	Ross
CB02.16	CB	CB02	36	35	2019-06-04	2483.1	FALSE	FALSE	FALSE	phytobiotic	Male	Ross
CB02.17	CB	CB02	37	35	2019-06-05	2384	FALSE	FALSE	FALSE	phytobiotic	Male	Ross
CB02.18	CB	CB02	37	35	2019-06-05	2636.3	FALSE	FALSE	FALSE	phytobiotic	Male	Ross
CB03.01	CB	CB03	7	7	2019-05-06	167.1	FALSE	FALSE	FALSE	control	Male	Cobb
CB03.02	CB	CB03	7	7	2019-05-06	180	FALSE	FALSE	FALSE	control	Male	Cobb
CB03.03	CB	CB03	7	7	2019-05-06	156.5	FALSE	FALSE	FALSE	control	Male	Cobb
CB03.04	CB	CB03	8	7	2019-05-07	196.8	FALSE	FALSE	FALSE	control	Male	Cobb
CB03.05	CB	CB03	8	7	2019-05-07	226.2	FALSE	FALSE	FALSE	control	Male	Cobb
CB03.06	CB	CB03	8	7	2019-05-07	215.7	FALSE	FALSE	FALSE	control	Male	Cobb
CB03.07	CB	CB03	21	21	2019-05-20	821.7	FALSE	FALSE	FALSE	control	Male	Cobb
CB03.08	CB	CB03	21	21	2019-05-20	1011.9	NA	NA	NA	control	Male	Cobb
CB03.09	CB	CB03	21	21	2019-05-20	1057.5	FALSE	FALSE	FALSE	control	Male	Cobb
CB03.10	CB	CB03	22	21	2019-05-21	1045.7	FALSE	FALSE	FALSE	control	Male	Cobb
CB03.11	CB	CB03	22	21	2019-05-21	1195.3	FALSE	FALSE	FALSE	control	Male	Cobb
CB03.12	CB	CB03	22	21	2019-05-21	704.2	FALSE	FALSE	FALSE	control	Male	Cobb
CB03.13	CB	CB03	35	35	2019-06-03	2424.3	FALSE	FALSE	FALSE	control	Male	Cobb
CB03.14	CB	CB03	35	35	2019-06-03	2700.5	NA	NA	NA	control	Male	Cobb
CB03.15	CB	CB03	36	35	2019-06-04	2443.5	FALSE	FALSE	FALSE	control	Male	Cobb
CB03.16	CB	CB03	36	35	2019-06-04	2547	FALSE	FALSE	FALSE	control	Male	Cobb
CB03.17	CB	CB03	37	35	2019-06-05	2058.2	FALSE	FALSE	FALSE	control	Male	Cobb
CB03.18	CB	CB03	37	35	2019-06-05	2616.2	FALSE	FALSE	FALSE	control	Male	Cobb
CB04.01	CB	CB04	7	7	2019-05-06	177.4	FALSE	FALSE	FALSE	phytobiotic	Female	Ross
CB04.02	CB	CB04	7	7	2019-05-06	192.5	FALSE	FALSE	FALSE	phytobiotic	Female	Ross
CB04.03	CB	CB04	7	7	2019-05-06	168.7	FALSE	FALSE	FALSE	phytobiotic	Female	Ross
CB04.04	CB	CB04	8	7	2019-05-07	179.3	NA	NA	NA	phytobiotic	Female	Ross
CB04.05	CB	CB04	8	7	2019-05-07	193.4	NA	NA	NA	phytobiotic	Female	Ross
CB04.06	CB	CB04	8	7	2019-05-07	207.9	NA	NA	NA	phytobiotic	Female	Ross
CB04.07	CB	CB04	21	21	2019-05-20	930.3	FALSE	FALSE	FALSE	phytobiotic	Female	Ross
CB04.08	CB	CB04	21	21	2019-05-20	1060.3	FALSE	FALSE	FALSE	phytobiotic	Female	Ross
CB04.09	CB	CB04	21	21	2019-05-20	769.9	NA	NA	NA	phytobiotic	Female	Ross
CB04.10	CB	CB04	22	21	2019-05-21	1031.2	FALSE	FALSE	FALSE	phytobiotic	Female	Ross
CB04.11	CB	CB04	22	21	2019-05-21	958.3	FALSE	FALSE	FALSE	phytobiotic	Female	Ross
CB04.12	CB	CB04	22	21	2019-05-21	980.7	FALSE	FALSE	FALSE	phytobiotic	Female	Ross
CB04.13	CB	CB04	35	35	2019-06-03	2020.01	FALSE	FALSE	FALSE	phytobiotic	Female	Ross
CB04.14	CB	CB04	35	35	2019-06-03	2065.6	NA	NA	NA	phytobiotic	Female	Ross
CB04.15	CB	CB04	36	35	2019-06-04	1701.5	FALSE	FALSE	FALSE	phytobiotic	Female	Ross
CB04.16	CB	CB04	36	35	2019-06-04	2060.9	FALSE	FALSE	FALSE	phytobiotic	Female	Ross
CB04.17	CB	CB04	37	35	2019-06-05	2286.5	FALSE	FALSE	FALSE	phytobiotic	Female	Ross
CB04.18	CB	CB04	37	35	2019-06-05	1964	FALSE	FALSE	FALSE	phytobiotic	Female	Ross
CB05.01	CB	CB05	7	7	2019-05-06	152	FALSE	FALSE	FALSE	probiotic	Female	Ross
CB05.02	CB	CB05	7	7	2019-05-06	172.5	FALSE	FALSE	FALSE	probiotic	Female	Ross
CB05.03	CB	CB05	7	7	2019-05-06	170	FALSE	FALSE	FALSE	probiotic	Female	Ross
CB05.04	CB	CB05	8	7	2019-05-07	162.8	FALSE	FALSE	FALSE	probiotic	Female	Ross
CB05.05	CB	CB05	8	7	2019-05-07	182.2	NA	NA	NA	probiotic	Female	Ross
CB05.06	CB	CB05	8	7	2019-05-07	228.3	NA	NA	NA	probiotic	Female	Ross
CB05.07	CB	CB05	21	21	2019-05-20	1030.9	FALSE	FALSE	FALSE	probiotic	Female	Ross
CB05.08	CB	CB05	21	21	2019-05-20	933.5	FALSE	FALSE	FALSE	probiotic	Female	Ross
CB05.09	CB	CB05	21	21	2019-05-20	837.7	FALSE	FALSE	FALSE	probiotic	Female	Ross
CB05.10	CB	CB05	22	21	2019-05-21	1034.2	FALSE	FALSE	FALSE	probiotic	Female	Ross
CB05.11	CB	CB05	22	21	2019-05-21	859.6	FALSE	FALSE	FALSE	probiotic	Female	Ross
CB05.12	CB	CB05	22	21	2019-05-21	1007.8	NA	NA	NA	probiotic	Female	Ross
CB05.13	CB	CB05	35	35	2019-06-03	1823	NA	NA	NA	probiotic	Female	Ross
CB05.14	CB	CB05	35	35	2019-06-03	1760.8	FALSE	FALSE	FALSE	probiotic	Female	Ross
CB05.15	CB	CB05	36	35	2019-06-04	1864.3	FALSE	FALSE	FALSE	probiotic	Female	Ross
CB05.16	CB	CB05	36	35	2019-06-04	2104.3	FALSE	FALSE	FALSE	probiotic	Female	Ross
CB05.17	CB	CB05	37	35	2019-06-05	2250.5	FALSE	FALSE	FALSE	probiotic	Female	Ross
CB05.18	CB	CB05	37	35	2019-06-05	2123	FALSE	FALSE	FALSE	probiotic	Female	Ross
CB06.01	CB	CB06	7	7	2019-05-06	189.4	NA	NA	NA	control	Female	Cobb
CB06.02	CB	CB06	7	7	2019-05-06	169.7	FALSE	FALSE	FALSE	control	Female	Cobb
CB06.03	CB	CB06	7	7	2019-05-06	159.2	NA	NA	NA	control	Female	Cobb
CB06.04	CB	CB06	8	7	2019-05-07	182.5	FALSE	FALSE	FALSE	control	Female	Cobb
CB06.05	CB	CB06	8	7	2019-05-07	195.8	NA	NA	NA	control	Female	Cobb
CB06.06	CB	CB06	8	7	2019-05-07	198.6	NA	NA	NA	control	Female	Cobb
CB06.07	CB	CB06	21	21	2019-05-20	1112.2	FALSE	FALSE	FALSE	control	Female	Cobb
CB06.08	CB	CB06	21	21	2019-05-20	954.1	NA	NA	NA	control	Female	Cobb
CB06.09	CB	CB06	21	21	2019-05-20	902.3	FALSE	FALSE	FALSE	control	Female	Cobb
CB06.10	CB	CB06	22	21	2019-05-21	966.1	FALSE	FALSE	FALSE	control	Female	Cobb
CB06.11	CB	CB06	22	21	2019-05-21	1059.3	FALSE	FALSE	FALSE	control	Female	Cobb
CB06.12	CB	CB06	22	21	2019-05-21	1054.7	FALSE	FALSE	FALSE	control	Female	Cobb
CB06.13	CB	CB06	35	35	2019-06-03	1875.1	FALSE	FALSE	FALSE	control	Female	Cobb
CB06.14	CB	CB06	35	35	2019-06-03	2252.6	FALSE	FALSE	FALSE	control	Female	Cobb
CB06.15	CB	CB06	36	35	2019-06-04	2119.4	FALSE	FALSE	FALSE	control	Female	Cobb
CB06.16	CB	CB06	36	35	2019-06-04	2099.6	FALSE	FALSE	FALSE	control	Female	Cobb
CB06.17	CB	CB06	37	35	2019-06-05	2434.2	FALSE	FALSE	FALSE	control	Female	Cobb
CB06.18	CB	CB06	37	35	2019-06-05	2238	FALSE	FALSE	FALSE	control	Female	Cobb
CB07.01	CB	CB07	7	7	2019-05-06	181.4	FALSE	FALSE	FALSE	phytobiotic	Male	Cobb
CB07.02	CB	CB07	7	7	2019-05-06	212.7	FALSE	FALSE	FALSE	phytobiotic	Male	Cobb
CB07.03	CB	CB07	7	7	2019-05-06	182.8	NA	NA	NA	phytobiotic	Male	Cobb
CB07.04	CB	CB07	8	7	2019-05-07	248.1	NA	NA	NA	phytobiotic	Male	Cobb
CB07.05	CB	CB07	8	7	2019-05-07	194.5	FALSE	FALSE	FALSE	phytobiotic	Male	Cobb
CB07.06	CB	CB07	8	7	2019-05-07	226.8	FALSE	FALSE	FALSE	phytobiotic	Male	Cobb
CB07.07	CB	CB07	21	21	2019-05-20	902.6	FALSE	FALSE	FALSE	phytobiotic	Male	Cobb
CB07.08	CB	CB07	21	21	2019-05-20	1107	NA	NA	NA	phytobiotic	Male	Cobb
CB07.09	CB	CB07	21	21	2019-05-20	1044.5	FALSE	FALSE	FALSE	phytobiotic	Male	Cobb
CB07.10	CB	CB07	22	21	2019-05-21	1006.6	FALSE	FALSE	FALSE	phytobiotic	Male	Cobb
CB07.11	CB	CB07	22	21	2019-05-21	1112.6	FALSE	FALSE	FALSE	phytobiotic	Male	Cobb
CB07.12	CB	CB07	22	21	2019-05-21	1154.2	FALSE	FALSE	FALSE	phytobiotic	Male	Cobb
CB07.13	CB	CB07	35	35	2019-06-03	2540.7	FALSE	FALSE	FALSE	phytobiotic	Male	Cobb
CB07.14	CB	CB07	35	35	2019-06-03	2280	FALSE	FALSE	FALSE	phytobiotic	Male	Cobb
CB07.15	CB	CB07	36	35	2019-06-04	2658	FALSE	FALSE	FALSE	phytobiotic	Male	Cobb
CB07.16	CB	CB07	36	35	2019-06-04	2022.5	FALSE	TRUE	FALSE	phytobiotic	Male	Cobb
CB07.17	CB	CB07	37	35	2019-06-05	2436.1	FALSE	FALSE	FALSE	phytobiotic	Male	Cobb
CB07.18	CB	CB07	37	35	2019-06-05	3023.4	FALSE	FALSE	FALSE	phytobiotic	Male	Cobb
CB08.01	CB	CB08	7	7	2019-05-06	206.9	FALSE	FALSE	FALSE	probiotic	Male	Cobb
CB08.02	CB	CB08	7	7	2019-05-06	190.2	FALSE	FALSE	FALSE	probiotic	Male	Cobb
CB08.03	CB	CB08	7	7	2019-05-06	179.3	FALSE	FALSE	FALSE	probiotic	Male	Cobb
CB08.04	CB	CB08	8	7	2019-05-07	203.4	FALSE	FALSE	FALSE	probiotic	Male	Cobb
CB08.05	CB	CB08	8	7	2019-05-07	225.3	FALSE	FALSE	FALSE	probiotic	Male	Cobb
CB08.06	CB	CB08	8	7	2019-05-07	217.8	NA	NA	NA	probiotic	Male	Cobb
CB08.07	CB	CB08	21	21	2019-05-20	1115.9	FALSE	FALSE	FALSE	probiotic	Male	Cobb
CB08.08	CB	CB08	21	21	2019-05-20	973.8	FALSE	FALSE	FALSE	probiotic	Male	Cobb
CB08.09	CB	CB08	21	21	2019-05-20	892.9	FALSE	FALSE	FALSE	probiotic	Male	Cobb
CB08.10	CB	CB08	22	21	2019-05-21	1034.5	FALSE	FALSE	FALSE	probiotic	Male	Cobb
CB08.11	CB	CB08	22	21	2019-05-21	927.9	FALSE	FALSE	FALSE	probiotic	Male	Cobb
CB08.12	CB	CB08	22	21	2019-05-21	1171.3	FALSE	FALSE	FALSE	probiotic	Male	Cobb
CB08.13	CB	CB08	35	35	2019-06-03	2182.5	FALSE	FALSE	FALSE	probiotic	Male	Cobb
CB08.14	CB	CB08	35	35	2019-06-03	2100.3	FALSE	FALSE	FALSE	probiotic	Male	Cobb
CB08.15	CB	CB08	36	35	2019-06-04	2664.6	FALSE	FALSE	FALSE	probiotic	Male	Cobb
CB08.16	CB	CB08	36	35	2019-06-04	2300.9	FALSE	FALSE	FALSE	probiotic	Male	Cobb
CB08.17	CB	CB08	37	35	2019-06-05	2894	FALSE	FALSE	FALSE	probiotic	Male	Cobb
CB08.18	CB	CB08	37	35	2019-06-05	2140.3	FALSE	FALSE	FALSE	probiotic	Male	Cobb
CB09.01	CB	CB09	7	7	2019-05-06	168.3	FALSE	FALSE	FALSE	probiotic	Male	Ross
CB09.02	CB	CB09	7	7	2019-05-06	184.6	NA	NA	NA	probiotic	Male	Ross
CB09.03	CB	CB09	7	7	2019-05-06	194	FALSE	FALSE	FALSE	probiotic	Male	Ross
CB09.04	CB	CB09	8	7	2019-05-07	187.6	NA	NA	NA	probiotic	Male	Ross
CB09.05	CB	CB09	8	7	2019-05-07	221.1	NA	NA	NA	probiotic	Male	Ross
CB09.06	CB	CB09	8	7	2019-05-07	221.2	NA	NA	NA	probiotic	Male	Ross
CB09.07	CB	CB09	21	21	2019-05-20	1065.4	FALSE	FALSE	FALSE	probiotic	Male	Ross
CB09.08	CB	CB09	21	21	2019-05-20	924.4	NA	NA	NA	probiotic	Male	Ross
CB09.09	CB	CB09	21	21	2019-05-20	905.9	FALSE	FALSE	FALSE	probiotic	Male	Ross
CB09.10	CB	CB09	22	21	2019-05-21	996.8	FALSE	FALSE	FALSE	probiotic	Male	Ross
CB09.11	CB	CB09	22	21	2019-05-21	1040.1	FALSE	FALSE	FALSE	probiotic	Male	Ross
CB09.12	CB	CB09	22	21	2019-05-21	860	FALSE	FALSE	FALSE	probiotic	Male	Ross
CB09.13	CB	CB09	35	35	2019-06-03	1410.3	FALSE	FALSE	FALSE	probiotic	Male	Ross
CB09.14	CB	CB09	35	35	2019-06-03	2362.6	FALSE	FALSE	FALSE	probiotic	Male	Ross
CB09.15	CB	CB09	36	35	2019-06-04	2256	NA	NA	NA	probiotic	Male	Ross
CB09.16	CB	CB09	36	35	2019-06-04	2222.6	FALSE	FALSE	FALSE	probiotic	Male	Ross
CB09.17	CB	CB09	37	35	2019-06-05	2223	FALSE	FALSE	FALSE	probiotic	Male	Ross
CB09.18	CB	CB09	37	35	2019-06-05	1974.4	FALSE	FALSE	FALSE	probiotic	Male	Ross
CB10.01	CB	CB10	7	7	2019-05-06	170.7	FALSE	FALSE	FALSE	control	Female	Ross
CB10.02	CB	CB10	7	7	2019-05-06	192.2	NA	NA	NA	control	Female	Ross
CB10.03	CB	CB10	7	7	2019-05-06	183.4	FALSE	FALSE	FALSE	control	Female	Ross
CB10.04	CB	CB10	8	7	2019-05-07	221.7	FALSE	FALSE	FALSE	control	Female	Ross
CB10.05	CB	CB10	8	7	2019-05-07	164.5	NA	NA	NA	control	Female	Ross
CB10.06	CB	CB10	8	7	2019-05-07	206.5	FALSE	FALSE	FALSE	control	Female	Ross
CB10.07	CB	CB10	21	21	2019-05-20	921	FALSE	FALSE	FALSE	control	Female	Ross
CB10.08	CB	CB10	21	21	2019-05-20	876.5	FALSE	FALSE	FALSE	control	Female	Ross
CB10.09	CB	CB10	21	21	2019-05-20	864.4	FALSE	FALSE	FALSE	control	Female	Ross
CB10.10	CB	CB10	22	21	2019-05-21	966.4	FALSE	FALSE	FALSE	control	Female	Ross
CB10.11	CB	CB10	22	21	2019-05-21	914.1	FALSE	FALSE	FALSE	control	Female	Ross
CB10.12	CB	CB10	22	21	2019-05-21	991.9	FALSE	FALSE	FALSE	control	Female	Ross
CB10.13	CB	CB10	35	35	2019-06-03	1944.5	FALSE	FALSE	FALSE	control	Female	Ross
CB10.14	CB	CB10	35	35	2019-06-03	2039.6	NA	NA	NA	control	Female	Ross
CB10.15	CB	CB10	36	35	2019-06-04	1850.8	FALSE	FALSE	FALSE	control	Female	Ross
CB10.16	CB	CB10	36	35	2019-06-04	2059.6	FALSE	FALSE	FALSE	control	Female	Ross
CB10.17	CB	CB10	37	35	2019-06-05	1997	FALSE	FALSE	FALSE	control	Female	Ross
CB10.18	CB	CB10	37	35	2019-06-05	2352	FALSE	FALSE	FALSE	control	Female	Ross
CB11.01	CB	CB11	7	7	2019-05-06	195.5	NA	NA	NA	probiotic	Female	Cobb
CB11.02	CB	CB11	7	7	2019-05-06	199.4	NA	NA	NA	probiotic	Female	Cobb
CB11.03	CB	CB11	7	7	2019-05-06	168.8	FALSE	FALSE	FALSE	probiotic	Female	Cobb
CB11.04	CB	CB11	8	7	2019-05-07	243.7	NA	NA	NA	probiotic	Female	Cobb
CB11.05	CB	CB11	8	7	2019-05-07	217.8	NA	NA	NA	probiotic	Female	Cobb
CB11.06	CB	CB11	8	7	2019-05-07	217	NA	NA	NA	probiotic	Female	Cobb
CB11.07	CB	CB11	21	21	2019-05-20	864	NA	NA	NA	probiotic	Female	Cobb
CB11.08	CB	CB11	21	21	2019-05-20	883.2	FALSE	FALSE	FALSE	probiotic	Female	Cobb
CB11.09	CB	CB11	21	21	2019-05-20	900.6	FALSE	FALSE	FALSE	probiotic	Female	Cobb
CB11.10	CB	CB11	22	21	2019-05-21	895.6	FALSE	FALSE	FALSE	probiotic	Female	Cobb
CB11.11	CB	CB11	22	21	2019-05-21	1043.9	NA	NA	NA	probiotic	Female	Cobb
CB11.12	CB	CB11	22	21	2019-05-21	987.5	FALSE	FALSE	FALSE	probiotic	Female	Cobb
CB11.13	CB	CB11	35	35	2019-06-03	2332.4	FALSE	FALSE	FALSE	probiotic	Female	Cobb
CB11.14	CB	CB11	35	35	2019-06-03	1960.4	FALSE	FALSE	FALSE	probiotic	Female	Cobb
CB11.15	CB	CB11	36	35	2019-06-04	1978.4	FALSE	FALSE	FALSE	probiotic	Female	Cobb
CB11.16	CB	CB11	36	35	2019-06-04	2329.2	FALSE	FALSE	FALSE	probiotic	Female	Cobb
CB11.17	CB	CB11	37	35	2019-06-05	2256	FALSE	FALSE	FALSE	probiotic	Female	Cobb
CB11.18	CB	CB11	37	35	2019-06-05	2549.1	FALSE	FALSE	FALSE	probiotic	Female	Cobb
CB12.01	CB	CB12	7	7	2019-05-06	187.8	NA	NA	NA	control	Male	Ross
CB12.02	CB	CB12	7	7	2019-05-06	191.7	NA	NA	NA	control	Male	Ross
CB12.03	CB	CB12	7	7	2019-05-06	188.9	FALSE	FALSE	FALSE	control	Male	Ross
CB12.04	CB	CB12	8	7	2019-05-07	223.3	FALSE	FALSE	FALSE	control	Male	Ross
CB12.05	CB	CB12	8	7	2019-05-07	213.1	NA	NA	NA	control	Male	Ross
CB12.06	CB	CB12	8	7	2019-05-07	224	NA	NA	NA	control	Male	Ross
CB12.07	CB	CB12	21	21	2019-05-20	1048.2	FALSE	FALSE	FALSE	control	Male	Ross
CB12.08	CB	CB12	21	21	2019-05-20	789	FALSE	FALSE	FALSE	control	Male	Ross
CB12.09	CB	CB12	21	21	2019-05-20	877.8	FALSE	FALSE	FALSE	control	Male	Ross
CB12.10	CB	CB12	22	21	2019-05-21	1084	FALSE	FALSE	FALSE	control	Male	Ross
CB12.11	CB	CB12	22	21	2019-05-21	1021.3	FALSE	FALSE	FALSE	control	Male	Ross
CB12.12	CB	CB12	22	21	2019-05-21	1100	FALSE	FALSE	FALSE	control	Male	Ross
CB12.13	CB	CB12	35	35	2019-06-03	2590.8	FALSE	FALSE	FALSE	control	Male	Ross
CB12.14	CB	CB12	35	35	2019-06-03	2902.5	FALSE	FALSE	FALSE	control	Male	Ross
CB12.15	CB	CB12	36	35	2019-06-04	2513	FALSE	FALSE	FALSE	control	Male	Ross
CB12.16	CB	CB12	36	35	2019-06-04	2420.1	FALSE	FALSE	FALSE	control	Male	Ross
CB12.17	CB	CB12	37	35	2019-06-05	2400.7	FALSE	FALSE	FALSE	control	Male	Ross
CB12.18	CB	CB12	37	35	2019-06-05	2099.9	NA	NA	NA	control	Male	Ross
CB13.01	CB	CB13	7	7	2019-05-06	152.3	NA	NA	NA	control	Female	Cobb
CB13.02	CB	CB13	7	7	2019-05-06	181.2	NA	NA	NA	control	Female	Cobb
CB13.03	CB	CB13	7	7	2019-05-06	183.2	FALSE	FALSE	FALSE	control	Female	Cobb
CB13.04	CB	CB13	8	7	2019-05-07	210.3	FALSE	FALSE	FALSE	control	Female	Cobb
CB13.05	CB	CB13	8	7	2019-05-07	241.5	FALSE	FALSE	FALSE	control	Female	Cobb
CB13.06	CB	CB13	8	7	2019-05-07	235.6	FALSE	FALSE	FALSE	control	Female	Cobb
CB13.07	CB	CB13	21	21	2019-05-20	1116.7	FALSE	FALSE	FALSE	control	Female	Cobb
CB13.08	CB	CB13	21	21	2019-05-20	999.5	FALSE	FALSE	FALSE	control	Female	Cobb
CB13.09	CB	CB13	21	21	2019-05-20	852.5	FALSE	FALSE	FALSE	control	Female	Cobb
CB13.10	CB	CB13	22	21	2019-05-21	1030.1	FALSE	FALSE	FALSE	control	Female	Cobb
CB13.11	CB	CB13	22	21	2019-05-21	940.6	FALSE	FALSE	FALSE	control	Female	Cobb
CB13.12	CB	CB13	22	21	2019-05-21	1116.7	FALSE	FALSE	FALSE	control	Female	Cobb
CB13.13	CB	CB13	35	35	2019-06-03	2265.9	FALSE	FALSE	FALSE	control	Female	Cobb
CB13.14	CB	CB13	35	35	2019-06-03	2106.3	FALSE	FALSE	FALSE	control	Female	Cobb
CB13.15	CB	CB13	36	35	2019-06-04	2205.3	FALSE	FALSE	FALSE	control	Female	Cobb
CB13.16	CB	CB13	36	35	2019-06-04	2322.3	FALSE	FALSE	FALSE	control	Female	Cobb
CB13.17	CB	CB13	37	35	2019-06-05	2588.7	FALSE	FALSE	FALSE	control	Female	Cobb
CB13.18	CB	CB13	37	35	2019-06-05	1877.2	FALSE	FALSE	FALSE	control	Female	Cobb
CB14.01	CB	CB14	7	7	2019-05-06	179.8	NA	NA	NA	phytobiotic	Female	Cobb
CB14.02	CB	CB14	7	7	2019-05-06	156.4	FALSE	FALSE	FALSE	phytobiotic	Female	Cobb
CB14.03	CB	CB14	7	7	2019-05-06	198.6	FALSE	FALSE	FALSE	phytobiotic	Female	Cobb
CB14.04	CB	CB14	8	7	2019-05-07	222.1	NA	NA	NA	phytobiotic	Female	Cobb
CB14.05	CB	CB14	8	7	2019-05-07	184.1	NA	NA	NA	phytobiotic	Female	Cobb
CB14.06	CB	CB14	8	7	2019-05-07	224.7	NA	NA	NA	phytobiotic	Female	Cobb
CB14.07	CB	CB14	21	21	2019-05-20	1011.4	FALSE	FALSE	FALSE	phytobiotic	Female	Cobb
CB14.08	CB	CB14	21	21	2019-05-20	986.2	FALSE	FALSE	FALSE	phytobiotic	Female	Cobb
CB14.09	CB	CB14	21	21	2019-05-20	1013.9	FALSE	FALSE	FALSE	phytobiotic	Female	Cobb
CB14.10	CB	CB14	22	21	2019-05-21	959.8	FALSE	FALSE	FALSE	phytobiotic	Female	Cobb
CB14.11	CB	CB14	22	21	2019-05-21	978.4	NA	NA	NA	phytobiotic	Female	Cobb
CB14.12	CB	CB14	22	21	2019-05-21	1056.8	FALSE	FALSE	FALSE	phytobiotic	Female	Cobb
CB14.13	CB	CB14	35	35	2019-06-03	2110.4	FALSE	FALSE	FALSE	phytobiotic	Female	Cobb
CB14.14	CB	CB14	35	35	2019-06-03	2264.3	FALSE	FALSE	FALSE	phytobiotic	Female	Cobb
CB14.15	CB	CB14	36	35	2019-06-04	2268.7	FALSE	FALSE	FALSE	phytobiotic	Female	Cobb
CB14.16	CB	CB14	36	35	2019-06-04	2351.8	FALSE	FALSE	FALSE	phytobiotic	Female	Cobb
CB14.17	CB	CB14	37	35	2019-06-05	2596	FALSE	FALSE	FALSE	phytobiotic	Female	Cobb
CB14.18	CB	CB14	37	35	2019-06-05	2418.9	FALSE	FALSE	FALSE	phytobiotic	Female	Cobb
CB15.01	CB	CB15	7	7	2019-05-06	191.4	NA	NA	NA	probiotic	Female	Ross
CB15.02	CB	CB15	7	7	2019-05-06	211.7	FALSE	FALSE	FALSE	probiotic	Female	Ross
CB15.03	CB	CB15	7	7	2019-05-06	161.8	FALSE	FALSE	FALSE	probiotic	Female	Ross
CB15.04	CB	CB15	8	7	2019-05-07	199.2	FALSE	FALSE	FALSE	probiotic	Female	Ross
CB15.05	CB	CB15	8	7	2019-05-07	199.5	NA	NA	NA	probiotic	Female	Ross
CB15.06	CB	CB15	8	7	2019-05-07	209.4	FALSE	FALSE	FALSE	probiotic	Female	Ross
CB15.07	CB	CB15	21	21	2019-05-20	890.9	FALSE	FALSE	FALSE	probiotic	Female	Ross
CB15.08	CB	CB15	21	21	2019-05-20	947.4	FALSE	FALSE	FALSE	probiotic	Female	Ross
CB15.09	CB	CB15	21	21	2019-05-20	907.2	FALSE	FALSE	FALSE	probiotic	Female	Ross
CB15.10	CB	CB15	22	21	2019-05-21	1032.2	NA	NA	NA	probiotic	Female	Ross
CB15.11	CB	CB15	22	21	2019-05-21	1023.5	FALSE	FALSE	FALSE	probiotic	Female	Ross
CB15.12	CB	CB15	22	21	2019-05-21	1033	FALSE	FALSE	FALSE	probiotic	Female	Ross
CB15.13	CB	CB15	35	35	2019-06-03	2047.9	FALSE	FALSE	FALSE	probiotic	Female	Ross
CB15.14	CB	CB15	35	35	2019-06-03	1970.4	FALSE	FALSE	FALSE	probiotic	Female	Ross
CB15.15	CB	CB15	36	35	2019-06-04	2285.2	FALSE	FALSE	FALSE	probiotic	Female	Ross
CB15.16	CB	CB15	36	35	2019-06-04	2173.2	FALSE	FALSE	FALSE	probiotic	Female	Ross
CB15.17	CB	CB15	37	35	2019-06-05	2152.5	FALSE	FALSE	FALSE	probiotic	Female	Ross
CB15.18	CB	CB15	37	35	2019-06-05	2197.6	FALSE	FALSE	FALSE	probiotic	Female	Ross
CB16.01	CB	CB16	7	7	2019-05-06	224.2	FALSE	FALSE	FALSE	phytobiotic	Male	Cobb
CB16.02	CB	CB16	7	7	2019-05-06	155.7	NA	NA	NA	phytobiotic	Male	Cobb
CB16.03	CB	CB16	7	7	2019-05-06	183.4	NA	NA	NA	phytobiotic	Male	Cobb
CB16.04	CB	CB16	8	7	2019-05-07	223	NA	NA	NA	phytobiotic	Male	Cobb
CB16.05	CB	CB16	8	7	2019-05-07	222.1	FALSE	FALSE	FALSE	phytobiotic	Male	Cobb
CB16.06	CB	CB16	8	7	2019-05-07	239.3	NA	NA	NA	phytobiotic	Male	Cobb
CB16.07	CB	CB16	21	21	2019-05-20	1083.5	FALSE	FALSE	FALSE	phytobiotic	Male	Cobb
CB16.08	CB	CB16	21	21	2019-05-20	1031.5	FALSE	FALSE	FALSE	phytobiotic	Male	Cobb
CB16.09	CB	CB16	21	21	2019-05-20	871.1	FALSE	FALSE	FALSE	phytobiotic	Male	Cobb
CB16.10	CB	CB16	22	21	2019-05-21	1031.4	FALSE	FALSE	FALSE	phytobiotic	Male	Cobb
CB16.11	CB	CB16	22	21	2019-05-21	731.1	FALSE	FALSE	FALSE	phytobiotic	Male	Cobb
CB16.12	CB	CB16	22	21	2019-05-21	966.6	FALSE	FALSE	FALSE	phytobiotic	Male	Cobb
CB16.13	CB	CB16	35	35	2019-06-03	2600.6	FALSE	FALSE	FALSE	phytobiotic	Male	Cobb
CB16.14	CB	CB16	35	35	2019-06-03	2050.8	NA	NA	NA	phytobiotic	Male	Cobb
CB16.15	CB	CB16	36	35	2019-06-04	2506.3	FALSE	FALSE	FALSE	phytobiotic	Male	Cobb
CB16.16	CB	CB16	36	35	2019-06-04	2309.2	FALSE	FALSE	FALSE	phytobiotic	Male	Cobb
CB16.17	CB	CB16	37	35	2019-06-05	3191.9	FALSE	FALSE	FALSE	phytobiotic	Male	Cobb
CB16.18	CB	CB16	37	35	2019-06-05	2404.1	FALSE	FALSE	FALSE	phytobiotic	Male	Cobb
CB17.01	CB	CB17	7	7	2019-05-06	215.5	NA	NA	NA	control	Male	Cobb
CB17.02	CB	CB17	7	7	2019-05-06	219.5	NA	NA	NA	control	Male	Cobb
CB17.03	CB	CB17	7	7	2019-05-06	180.8	NA	NA	NA	control	Male	Cobb
CB17.04	CB	CB17	8	7	2019-05-07	219.4	FALSE	FALSE	FALSE	control	Male	Cobb
CB17.05	CB	CB17	8	7	2019-05-07	169.7	NA	NA	NA	control	Male	Cobb
CB17.06	CB	CB17	8	7	2019-05-07	202.2	FALSE	FALSE	FALSE	control	Male	Cobb
CB17.07	CB	CB17	21	21	2019-05-20	609.7	FALSE	FALSE	FALSE	control	Male	Cobb
CB17.08	CB	CB17	21	21	2019-05-20	991.3	FALSE	FALSE	FALSE	control	Male	Cobb
CB17.09	CB	CB17	21	21	2019-05-20	1170.2	FALSE	FALSE	FALSE	control	Male	Cobb
CB17.10	CB	CB17	22	21	2019-05-21	1130.3	FALSE	FALSE	FALSE	control	Male	Cobb
CB17.11	CB	CB17	22	21	2019-05-21	1020.6	FALSE	FALSE	FALSE	control	Male	Cobb
CB17.12	CB	CB17	22	21	2019-05-21	1278.1	FALSE	FALSE	FALSE	control	Male	Cobb
CB17.13	CB	CB17	35	35	2019-06-03	2314.8	FALSE	FALSE	FALSE	control	Male	Cobb
CB17.14	CB	CB17	35	35	2019-06-03	2362	FALSE	FALSE	FALSE	control	Male	Cobb
CB17.15	CB	CB17	36	35	2019-06-04	2484.6	FALSE	FALSE	FALSE	control	Male	Cobb
CB17.16	CB	CB17	36	35	2019-06-04	2676.8	NA	NA	NA	control	Male	Cobb
CB17.17	CB	CB17	37	35	2019-06-05	2729.1	FALSE	FALSE	FALSE	control	Male	Cobb
CB17.18	CB	CB17	37	35	2019-06-05	2758.3	FALSE	FALSE	FALSE	control	Male	Cobb
CB18.01	CB	CB18	7	7	2019-05-06	197.8	NA	NA	NA	phytobiotic	Male	Ross
CB18.02	CB	CB18	7	7	2019-05-06	180.5	FALSE	FALSE	FALSE	phytobiotic	Male	Ross
CB18.03	CB	CB18	7	7	2019-05-06	171.3	NA	NA	NA	phytobiotic	Male	Ross
CB18.04	CB	CB18	8	7	2019-05-07	224.5	FALSE	FALSE	FALSE	phytobiotic	Male	Ross
CB18.05	CB	CB18	8	7	2019-05-07	206.4	FALSE	FALSE	FALSE	phytobiotic	Male	Ross
CB18.06	CB	CB18	8	7	2019-05-07	217	NA	NA	NA	phytobiotic	Male	Ross
CB18.07	CB	CB18	21	21	2019-05-20	912.8	FALSE	FALSE	FALSE	phytobiotic	Male	Ross
CB18.08	CB	CB18	21	21	2019-05-20	739.8	FALSE	FALSE	FALSE	phytobiotic	Male	Ross
CB18.09	CB	CB18	21	21	2019-05-20	876.1	FALSE	FALSE	FALSE	phytobiotic	Male	Ross
CB18.10	CB	CB18	22	21	2019-05-21	1092.9	FALSE	FALSE	FALSE	phytobiotic	Male	Ross
CB18.11	CB	CB18	22	21	2019-05-21	918.3	FALSE	FALSE	FALSE	phytobiotic	Male	Ross
CB18.12	CB	CB18	22	21	2019-05-21	837.8	FALSE	FALSE	FALSE	phytobiotic	Male	Ross
CB18.13	CB	CB18	35	35	2019-06-03	2538.2	FALSE	FALSE	FALSE	phytobiotic	Male	Ross
CB18.14	CB	CB18	35	35	2019-06-03	2033.5	FALSE	FALSE	FALSE	phytobiotic	Male	Ross
CB18.15	CB	CB18	36	35	2019-06-04	2367.6	FALSE	FALSE	FALSE	phytobiotic	Male	Ross
CB18.16	CB	CB18	36	35	2019-06-04	2288.1	FALSE	FALSE	FALSE	phytobiotic	Male	Ross
CB18.17	CB	CB18	37	35	2019-06-05	2812.4	FALSE	FALSE	FALSE	phytobiotic	Male	Ross
CB18.18	CB	CB18	37	35	2019-06-05	2177.2	FALSE	FALSE	FALSE	phytobiotic	Male	Ross
CB19.01	CB	CB19	7	7	2019-05-06	211.7	NA	NA	NA	probiotic	Male	Ross
CB19.02	CB	CB19	7	7	2019-05-06	216.5	NA	NA	NA	probiotic	Male	Ross
CB19.03	CB	CB19	7	7	2019-05-06	157.1	NA	NA	NA	probiotic	Male	Ross
CB19.04	CB	CB19	8	7	2019-05-07	228.2	FALSE	FALSE	FALSE	probiotic	Male	Ross
CB19.05	CB	CB19	8	7	2019-05-07	207.9	NA	NA	NA	probiotic	Male	Ross
CB19.06	CB	CB19	8	7	2019-05-07	202.5	FALSE	FALSE	FALSE	probiotic	Male	Ross
CB19.07	CB	CB19	21	21	2019-05-20	859.8	FALSE	FALSE	FALSE	probiotic	Male	Ross
CB19.08	CB	CB19	21	21	2019-05-20	971.8	FALSE	FALSE	FALSE	probiotic	Male	Ross
CB19.09	CB	CB19	21	21	2019-05-20	984	FALSE	FALSE	FALSE	probiotic	Male	Ross
CB19.10	CB	CB19	22	21	2019-05-21	1038.7	FALSE	FALSE	FALSE	probiotic	Male	Ross
CB19.11	CB	CB19	22	21	2019-05-21	1051	FALSE	FALSE	FALSE	probiotic	Male	Ross
CB19.12	CB	CB19	22	21	2019-05-21	900.9	FALSE	FALSE	FALSE	probiotic	Male	Ross
CB19.13	CB	CB19	35	35	2019-06-03	2290.2	FALSE	FALSE	FALSE	probiotic	Male	Ross
CB19.14	CB	CB19	35	35	2019-06-03	2115.8	FALSE	FALSE	FALSE	probiotic	Male	Ross
CB19.15	CB	CB19	36	35	2019-06-04	1998.6	FALSE	FALSE	FALSE	probiotic	Male	Ross
CB19.16	CB	CB19	36	35	2019-06-04	2566.8	FALSE	FALSE	FALSE	probiotic	Male	Ross
CB19.17	CB	CB19	37	35	2019-06-05	2253	FALSE	FALSE	FALSE	probiotic	Male	Ross
CB19.18	CB	CB19	37	35	2019-06-05	2500.3	FALSE	FALSE	FALSE	probiotic	Male	Ross
CB20.01	CB	CB20	7	7	2019-05-06	203	NA	NA	NA	control	Male	Ross
CB20.02	CB	CB20	7	7	2019-05-06	188.8	NA	NA	NA	control	Male	Ross
CB20.03	CB	CB20	7	7	2019-05-06	197.4	FALSE	FALSE	FALSE	control	Male	Ross
CB20.04	CB	CB20	8	7	2019-05-07	206	NA	NA	NA	control	Male	Ross
CB20.05	CB	CB20	8	7	2019-05-07	200.5	FALSE	FALSE	FALSE	control	Male	Ross
CB20.06	CB	CB20	8	7	2019-05-07	224.1	NA	NA	NA	control	Male	Ross
CB20.07	CB	CB20	21	21	2019-05-20	901.1	FALSE	FALSE	FALSE	control	Male	Ross
CB20.08	CB	CB20	21	21	2019-05-20	1060.5	FALSE	FALSE	FALSE	control	Male	Ross
CB20.09	CB	CB20	21	21	2019-05-20	881.2	NA	NA	NA	control	Male	Ross
CB20.10	CB	CB20	22	21	2019-05-21	1103.7	NA	NA	NA	control	Male	Ross
CB20.11	CB	CB20	22	21	2019-05-21	918.4	FALSE	FALSE	FALSE	control	Male	Ross
CB20.12	CB	CB20	22	21	2019-05-21	921.6	FALSE	FALSE	FALSE	control	Male	Ross
CB20.13	CB	CB20	35	35	2019-06-03	2059.1	FALSE	FALSE	FALSE	control	Male	Ross
CB20.14	CB	CB20	35	35	2019-06-03	2643.5	FALSE	FALSE	FALSE	control	Male	Ross
CB20.15	CB	CB20	36	35	2019-06-04	2287	FALSE	FALSE	FALSE	control	Male	Ross
CB20.16	CB	CB20	36	35	2019-06-04	2568.4	FALSE	FALSE	FALSE	control	Male	Ross
CB20.17	CB	CB20	37	35	2019-06-05	2394.4	FALSE	FALSE	FALSE	control	Male	Ross
CB20.18	CB	CB20	37	35	2019-06-05	2639.2	NA	NA	NA	control	Male	Ross
CB21.01	CB	CB21	7	7	2019-05-06	179.1	NA	NA	NA	phytobiotic	Female	Ross
CB21.02	CB	CB21	7	7	2019-05-06	177.2	FALSE	FALSE	FALSE	phytobiotic	Female	Ross
CB21.03	CB	CB21	7	7	2019-05-06	176	NA	NA	NA	phytobiotic	Female	Ross
CB21.04	CB	CB21	8	7	2019-05-07	190	NA	NA	NA	phytobiotic	Female	Ross
CB21.05	CB	CB21	8	7	2019-05-07	190	NA	NA	NA	phytobiotic	Female	Ross
CB21.06	CB	CB21	8	7	2019-05-07	227.1	NA	NA	NA	phytobiotic	Female	Ross
CB21.07	CB	CB21	21	21	2019-05-20	938.6	FALSE	FALSE	FALSE	phytobiotic	Female	Ross
CB21.08	CB	CB21	21	21	2019-05-20	898.3	FALSE	FALSE	FALSE	phytobiotic	Female	Ross
CB21.09	CB	CB21	21	21	2019-05-20	887.6	FALSE	FALSE	FALSE	phytobiotic	Female	Ross
CB21.10	CB	CB21	22	21	2019-05-21	898.1	FALSE	FALSE	FALSE	phytobiotic	Female	Ross
CB21.11	CB	CB21	22	21	2019-05-21	887.2	FALSE	FALSE	FALSE	phytobiotic	Female	Ross
CB21.12	CB	CB21	22	21	2019-05-21	907.9	FALSE	FALSE	FALSE	phytobiotic	Female	Ross
CB21.13	CB	CB21	35	35	2019-06-03	1792.7	FALSE	FALSE	FALSE	phytobiotic	Female	Ross
CB21.14	CB	CB21	35	35	2019-06-03	2184.8	FALSE	FALSE	FALSE	phytobiotic	Female	Ross
CB21.15	CB	CB21	36	35	2019-06-04	2037	FALSE	FALSE	FALSE	phytobiotic	Female	Ross
CB21.16	CB	CB21	36	35	2019-06-04	1687.2	NA	NA	NA	phytobiotic	Female	Ross
CB21.17	CB	CB21	37	35	2019-06-05	2148.9	NA	NA	NA	phytobiotic	Female	Ross
CB21.18	CB	CB21	37	35	2019-06-05	2284.6	FALSE	FALSE	FALSE	phytobiotic	Female	Ross
CB22.01	CB	CB22	7	7	2019-05-06	180.9	FALSE	FALSE	FALSE	control	Female	Ross
CB22.02	CB	CB22	7	7	2019-05-06	179.6	NA	NA	NA	control	Female	Ross
CB22.03	CB	CB22	7	7	2019-05-06	168.1	NA	NA	NA	control	Female	Ross
CB22.04	CB	CB22	8	7	2019-05-07	203.3	NA	NA	NA	control	Female	Ross
CB22.05	CB	CB22	8	7	2019-05-07	229.3	NA	NA	NA	control	Female	Ross
CB22.06	CB	CB22	8	7	2019-05-07	241.5	FALSE	FALSE	FALSE	control	Female	Ross
CB22.07	CB	CB22	21	21	2019-05-20	707.3	FALSE	FALSE	FALSE	control	Female	Ross
CB22.08	CB	CB22	21	21	2019-05-20	876.6	FALSE	FALSE	FALSE	control	Female	Ross
CB22.09	CB	CB22	21	21	2019-05-20	897	NA	NA	NA	control	Female	Ross
CB22.10	CB	CB22	22	21	2019-05-21	981.3	FALSE	FALSE	FALSE	control	Female	Ross
CB22.11	CB	CB22	22	21	2019-05-21	936.9	NA	NA	NA	control	Female	Ross
CB22.12	CB	CB22	22	21	2019-05-21	971.5	FALSE	FALSE	FALSE	control	Female	Ross
CB22.13	CB	CB22	35	35	2019-06-03	2273.1	FALSE	FALSE	FALSE	control	Female	Ross
CB22.14	CB	CB22	35	35	2019-06-03	2050.8	FALSE	FALSE	FALSE	control	Female	Ross
CB22.15	CB	CB22	36	35	2019-06-04	1915.5	FALSE	FALSE	FALSE	control	Female	Ross
CB22.16	CB	CB22	36	35	2019-06-04	1755	FALSE	FALSE	FALSE	control	Female	Ross
CB22.17	CB	CB22	37	35	2019-06-05	1783.8	FALSE	FALSE	FALSE	control	Female	Ross
CB22.18	CB	CB22	37	35	2019-06-05	2453.6	FALSE	FALSE	FALSE	control	Female	Ross
CB23.01	CB	CB23	7	7	2019-05-06	208.3	FALSE	FALSE	FALSE	probiotic	Female	Cobb
CB23.02	CB	CB23	7	7	2019-05-06	178.9	NA	NA	NA	probiotic	Female	Cobb
CB23.03	CB	CB23	7	7	2019-05-06	181.5	NA	NA	NA	probiotic	Female	Cobb
CB23.04	CB	CB23	8	7	2019-05-07	187.2	FALSE	FALSE	FALSE	probiotic	Female	Cobb
CB23.05	CB	CB23	8	7	2019-05-07	226.8	FALSE	FALSE	FALSE	probiotic	Female	Cobb
CB23.06	CB	CB23	8	7	2019-05-07	216.2	NA	NA	NA	probiotic	Female	Cobb
CB23.07	CB	CB23	21	21	2019-05-20	998	NA	NA	NA	probiotic	Female	Cobb
CB23.08	CB	CB23	21	21	2019-05-20	1068.2	FALSE	FALSE	FALSE	probiotic	Female	Cobb
CB23.09	CB	CB23	21	21	2019-05-20	1024.6	FALSE	FALSE	FALSE	probiotic	Female	Cobb
CB23.10	CB	CB23	22	21	2019-05-21	937.2	FALSE	FALSE	FALSE	probiotic	Female	Cobb
CB23.11	CB	CB23	22	21	2019-05-21	987.5	FALSE	FALSE	FALSE	probiotic	Female	Cobb
CB23.12	CB	CB23	22	21	2019-05-21	1190.9	FALSE	FALSE	FALSE	probiotic	Female	Cobb
CB23.13	CB	CB23	35	35	2019-06-03	2200.5	FALSE	FALSE	FALSE	probiotic	Female	Cobb
CB23.14	CB	CB23	35	35	2019-06-03	2025.9	FALSE	FALSE	FALSE	probiotic	Female	Cobb
CB23.15	CB	CB23	36	35	2019-06-04	2403	FALSE	FALSE	FALSE	probiotic	Female	Cobb
CB23.16	CB	CB23	36	35	2019-06-04	1728.4	FALSE	FALSE	FALSE	probiotic	Female	Cobb
CB23.17	CB	CB23	37	35	2019-06-05	2437.8	FALSE	FALSE	FALSE	probiotic	Female	Cobb
CB23.18	CB	CB23	37	35	2019-06-05	2143.8	FALSE	FALSE	FALSE	probiotic	Female	Cobb
CB24.01	CB	CB24	7	7	2019-05-06	195.8	FALSE	FALSE	FALSE	probiotic	Male	Cobb
CB24.02	CB	CB24	7	7	2019-05-06	210.2	NA	NA	NA	probiotic	Male	Cobb
CB24.03	CB	CB24	7	7	2019-05-06	185.8	NA	NA	NA	probiotic	Male	Cobb
CB24.04	CB	CB24	8	7	2019-05-07	245.6	NA	NA	NA	probiotic	Male	Cobb
CB24.05	CB	CB24	8	7	2019-05-07	247	NA	NA	NA	probiotic	Male	Cobb
CB24.06	CB	CB24	8	7	2019-05-07	212.5	FALSE	FALSE	FALSE	probiotic	Male	Cobb
CB24.07	CB	CB24	21	21	2019-05-20	1099.2	FALSE	FALSE	FALSE	probiotic	Male	Cobb
CB24.08	CB	CB24	21	21	2019-05-20	1184.9	NA	NA	NA	probiotic	Male	Cobb
CB24.09	CB	CB24	21	21	2019-05-20	864.5	NA	NA	NA	probiotic	Male	Cobb
CB24.10	CB	CB24	22	21	2019-05-21	891.3	FALSE	FALSE	FALSE	probiotic	Male	Cobb
CB24.11	CB	CB24	22	21	2019-05-21	1024	FALSE	FALSE	FALSE	probiotic	Male	Cobb
CB24.12	CB	CB24	22	21	2019-05-21	1075.3	FALSE	FALSE	FALSE	probiotic	Male	Cobb
CB24.13	CB	CB24	35	35	2019-06-03	2700.1	FALSE	FALSE	FALSE	probiotic	Male	Cobb
CB24.14	CB	CB24	35	35	2019-06-03	2680.9	FALSE	FALSE	FALSE	probiotic	Male	Cobb
CB24.15	CB	CB24	36	35	2019-06-04	2221.5	FALSE	FALSE	FALSE	probiotic	Male	Cobb
CB24.16	CB	CB24	36	35	2019-06-04	2731.8	FALSE	FALSE	FALSE	probiotic	Male	Cobb
CB24.17	CB	CB24	37	35	2019-06-05	2921.5	FALSE	FALSE	FALSE	probiotic	Male	Cobb
CB24.18	CB	CB24	37	35	2019-06-05	2602.5	FALSE	FALSE	FALSE	probiotic	Male	Cobb
CC01.01	CC	CC01	6	7	2019-09-16	161.2	FALSE	FALSE	FALSE	probiotic	Male	Cobb
CC01.02	CC	CC01	6	7	2019-09-16	172.1	FALSE	FALSE	FALSE	probiotic	Male	Cobb
CC01.03	CC	CC01	6	7	2019-09-16	176	FALSE	FALSE	FALSE	probiotic	Male	Cobb
CC01.04	CC	CC01	7	7	2019-09-17	173.8	NA	NA	NA	probiotic	Male	Cobb
CC01.05	CC	CC01	7	7	2019-09-17	221.5	FALSE	FALSE	FALSE	probiotic	Male	Cobb
CC01.06	CC	CC01	7	7	2019-09-17	217.7	FALSE	FALSE	FALSE	probiotic	Male	Cobb
CC01.07	CC	CC01	20	21	2019-09-30	1092	FALSE	FALSE	TRUE	probiotic	Male	Cobb
CC01.08	CC	CC01	20	21	2019-09-30	1144	FALSE	FALSE	TRUE	probiotic	Male	Cobb
CC01.09	CC	CC01	20	21	2019-09-30	924	FALSE	FALSE	TRUE	probiotic	Male	Cobb
CC01.10	CC	CC01	21	21	2019-10-01	1004	FALSE	FALSE	TRUE	probiotic	Male	Cobb
CC01.11	CC	CC01	21	21	2019-10-01	1032	FALSE	FALSE	TRUE	probiotic	Male	Cobb
CC01.12	CC	CC01	21	21	2019-10-01	1270	FALSE	FALSE	TRUE	probiotic	Male	Cobb
CC01.13	CC	CC01	34	35	2019-10-14	1858	FALSE	FALSE	TRUE	probiotic	Male	Cobb
CC01.14	CC	CC01	34	35	2019-10-14	2180	FALSE	FALSE	TRUE	probiotic	Male	Cobb
CC01.15	CC	CC01	34	35	2019-10-14	2350	FALSE	FALSE	TRUE	probiotic	Male	Cobb
CC01.16	CC	CC01	34	35	2019-10-14	2650	FALSE	FALSE	TRUE	probiotic	Male	Cobb
CC01.17	CC	CC01	35	35	2019-10-15	2372	FALSE	FALSE	TRUE	probiotic	Male	Cobb
CC01.18	CC	CC01	35	35	2019-10-15	2550	FALSE	FALSE	TRUE	probiotic	Male	Cobb
CC02.01	CC	CC02	6	7	2019-09-16	159.4	NA	NA	NA	probiotic	Female	Cobb
CC02.02	CC	CC02	6	7	2019-09-16	173.5	FALSE	FALSE	FALSE	probiotic	Female	Cobb
CC02.03	CC	CC02	6	7	2019-09-16	155.5	FALSE	FALSE	FALSE	probiotic	Female	Cobb
CC02.04	CC	CC02	7	7	2019-09-17	213.8	TRUE	FALSE	FALSE	probiotic	Female	Cobb
CC02.05	CC	CC02	7	7	2019-09-17	134.9	TRUE	FALSE	FALSE	probiotic	Female	Cobb
CC02.06	CC	CC02	7	7	2019-09-17	193.6	FALSE	FALSE	FALSE	probiotic	Female	Cobb
CC02.07	CC	CC02	20	21	2019-09-30	850	FALSE	FALSE	TRUE	probiotic	Female	Cobb
CC02.08	CC	CC02	20	21	2019-09-30	908	FALSE	FALSE	TRUE	probiotic	Female	Cobb
CC02.09	CC	CC02	20	21	2019-09-30	948	FALSE	FALSE	TRUE	probiotic	Female	Cobb
CC02.10	CC	CC02	21	21	2019-10-01	1146	FALSE	FALSE	TRUE	probiotic	Female	Cobb
CC02.11	CC	CC02	21	21	2019-10-01	1088	FALSE	FALSE	TRUE	probiotic	Female	Cobb
CC02.12	CC	CC02	21	21	2019-10-01	952	FALSE	FALSE	TRUE	probiotic	Female	Cobb
CC02.13	CC	CC02	34	35	2019-10-14	1950	FALSE	FALSE	TRUE	probiotic	Female	Cobb
CC02.14	CC	CC02	34	35	2019-10-14	2080	FALSE	FALSE	TRUE	probiotic	Female	Cobb
CC02.15	CC	CC02	34	35	2019-10-14	1910	FALSE	FALSE	TRUE	probiotic	Female	Cobb
CC02.16	CC	CC02	34	35	2019-10-14	2060	NA	NA	NA	probiotic	Female	Cobb
CC02.17	CC	CC02	35	35	2019-10-15	2104	FALSE	FALSE	TRUE	probiotic	Female	Cobb
CC02.18	CC	CC02	35	35	2019-10-15	2082	FALSE	FALSE	TRUE	probiotic	Female	Cobb
CC03.01	CC	CC03	6	7	2019-09-16	165.7	TRUE	FALSE	FALSE	control	Male	Cobb
CC03.02	CC	CC03	6	7	2019-09-16	193	FALSE	FALSE	FALSE	control	Male	Cobb
CC03.03	CC	CC03	6	7	2019-09-16	184.8	TRUE	FALSE	FALSE	control	Male	Cobb
CC03.04	CC	CC03	7	7	2019-09-17	198.6	FALSE	FALSE	FALSE	control	Male	Cobb
CC03.05	CC	CC03	7	7	2019-09-17	185.2	FALSE	FALSE	FALSE	control	Male	Cobb
CC03.06	CC	CC03	7	7	2019-09-17	159.5	FALSE	FALSE	FALSE	control	Male	Cobb
CC03.07	CC	CC03	20	21	2019-09-30	906	NA	NA	NA	control	Male	Cobb
CC03.08	CC	CC03	20	21	2019-09-30	1046	FALSE	FALSE	TRUE	control	Male	Cobb
CC03.09	CC	CC03	20	21	2019-09-30	856	FALSE	FALSE	TRUE	control	Male	Cobb
CC03.10	CC	CC03	21	21	2019-10-01	1040	FALSE	FALSE	TRUE	control	Male	Cobb
CC03.11	CC	CC03	21	21	2019-10-01	1098	FALSE	FALSE	TRUE	control	Male	Cobb
CC03.12	CC	CC03	21	21	2019-10-01	890	FALSE	FALSE	TRUE	control	Male	Cobb
CC03.13	CC	CC03	34	35	2019-10-14	1774	FALSE	FALSE	TRUE	control	Male	Cobb
CC03.14	CC	CC03	34	35	2019-10-14	2274	FALSE	FALSE	TRUE	control	Male	Cobb
CC03.15	CC	CC03	34	35	2019-10-14	2158	FALSE	FALSE	TRUE	control	Male	Cobb
CC03.16	CC	CC03	34	35	2019-10-14	1814	FALSE	FALSE	TRUE	control	Male	Cobb
CC03.17	CC	CC03	35	35	2019-10-15	1572	FALSE	FALSE	TRUE	control	Male	Cobb
CC03.18	CC	CC03	35	35	2019-10-15	2364	FALSE	FALSE	TRUE	control	Male	Cobb
CC04.01	CC	CC04	6	7	2019-09-16	182.2	FALSE	FALSE	FALSE	probiotic	Female	Ross
CC04.02	CC	CC04	6	7	2019-09-16	173.4	FALSE	FALSE	FALSE	probiotic	Female	Ross
CC04.03	CC	CC04	6	7	2019-09-16	155.2	FALSE	FALSE	FALSE	probiotic	Female	Ross
CC04.04	CC	CC04	7	7	2019-09-17	175	FALSE	FALSE	FALSE	probiotic	Female	Ross
CC04.05	CC	CC04	7	7	2019-09-17	178	FALSE	FALSE	FALSE	probiotic	Female	Ross
CC04.06	CC	CC04	7	7	2019-09-17	202.1	FALSE	FALSE	FALSE	probiotic	Female	Ross
CC04.07	CC	CC04	20	21	2019-09-30	916	FALSE	FALSE	TRUE	probiotic	Female	Ross
CC04.08	CC	CC04	20	21	2019-09-30	820	FALSE	FALSE	TRUE	probiotic	Female	Ross
CC04.09	CC	CC04	20	21	2019-09-30	902	NA	NA	NA	probiotic	Female	Ross
CC04.10	CC	CC04	21	21	2019-10-01	950	FALSE	FALSE	TRUE	probiotic	Female	Ross
CC04.11	CC	CC04	21	21	2019-10-01	928	FALSE	FALSE	TRUE	probiotic	Female	Ross
CC04.12	CC	CC04	21	21	2019-10-01	724	NA	NA	NA	probiotic	Female	Ross
CC04.13	CC	CC04	34	35	2019-10-14	1310	FALSE	FALSE	TRUE	probiotic	Female	Ross
CC04.14	CC	CC04	34	35	2019-10-14	1540	FALSE	FALSE	TRUE	probiotic	Female	Ross
CC04.15	CC	CC04	35	35	2019-10-15	1710	FALSE	FALSE	TRUE	probiotic	Female	Ross
CC04.16	CC	CC04	35	35	2019-10-15	1798	FALSE	FALSE	TRUE	probiotic	Female	Ross
CC04.17	CC	CC04	35	35	2019-10-15	2002	FALSE	FALSE	TRUE	probiotic	Female	Ross
CC04.18	CC	CC04	35	35	2019-10-15	1520	FALSE	FALSE	TRUE	probiotic	Female	Ross
CC05.01	CC	CC05	6	7	2019-09-16	168.4	TRUE	FALSE	FALSE	phytobiotic	Female	Cobb
CC05.02	CC	CC05	6	7	2019-09-16	166.9	FALSE	FALSE	FALSE	phytobiotic	Female	Cobb
CC05.03	CC	CC05	6	7	2019-09-16	151.3	FALSE	FALSE	FALSE	phytobiotic	Female	Cobb
CC05.04	CC	CC05	7	7	2019-09-17	198.2	NA	NA	NA	phytobiotic	Female	Cobb
CC05.05	CC	CC05	7	7	2019-09-17	199.9	TRUE	FALSE	FALSE	phytobiotic	Female	Cobb
CC05.06	CC	CC05	7	7	2019-09-17	214.5	FALSE	FALSE	FALSE	phytobiotic	Female	Cobb
CC05.07	CC	CC05	20	21	2019-09-30	972	FALSE	FALSE	TRUE	phytobiotic	Female	Cobb
CC05.08	CC	CC05	20	21	2019-09-30	930	FALSE	FALSE	TRUE	phytobiotic	Female	Cobb
CC05.09	CC	CC05	20	21	2019-09-30	1036	FALSE	FALSE	TRUE	phytobiotic	Female	Cobb
CC05.10	CC	CC05	21	21	2019-10-01	1076	FALSE	FALSE	TRUE	phytobiotic	Female	Cobb
CC05.11	CC	CC05	21	21	2019-10-01	914	FALSE	FALSE	TRUE	phytobiotic	Female	Cobb
CC05.12	CC	CC05	21	21	2019-10-01	798	FALSE	FALSE	TRUE	phytobiotic	Female	Cobb
CC05.13	CC	CC05	34	35	2019-10-14	2120	FALSE	FALSE	TRUE	phytobiotic	Female	Cobb
CC05.14	CC	CC05	34	35	2019-10-14	2290	FALSE	FALSE	TRUE	phytobiotic	Female	Cobb
CC05.15	CC	CC05	35	35	2019-10-15	2010	FALSE	FALSE	TRUE	phytobiotic	Female	Cobb
CC05.16	CC	CC05	35	35	2019-10-15	1730	FALSE	FALSE	TRUE	phytobiotic	Female	Cobb
CC05.17	CC	CC05	35	35	2019-10-15	2006	FALSE	FALSE	TRUE	phytobiotic	Female	Cobb
CC05.18	CC	CC05	35	35	2019-10-15	1964	FALSE	FALSE	TRUE	phytobiotic	Female	Cobb
CC06.01	CC	CC06	6	7	2019-09-16	176.8	FALSE	FALSE	FALSE	control	Female	Ross
CC06.02	CC	CC06	6	7	2019-09-16	165.4	FALSE	FALSE	FALSE	control	Female	Ross
CC06.03	CC	CC06	6	7	2019-09-16	151.9	FALSE	FALSE	FALSE	control	Female	Ross
CC06.04	CC	CC06	7	7	2019-09-17	162.4	NA	NA	NA	control	Female	Ross
CC06.05	CC	CC06	7	7	2019-09-17	182.4	FALSE	FALSE	FALSE	control	Female	Ross
CC06.06	CC	CC06	7	7	2019-09-17	182.3	NA	NA	NA	control	Female	Ross
CC06.07	CC	CC06	20	21	2019-09-30	738	FALSE	FALSE	TRUE	control	Female	Ross
CC06.08	CC	CC06	20	21	2019-09-30	722	FALSE	FALSE	TRUE	control	Female	Ross
CC06.09	CC	CC06	20	21	2019-09-30	724	NA	NA	NA	control	Female	Ross
CC06.10	CC	CC06	21	21	2019-10-01	732	NA	NA	NA	control	Female	Ross
CC06.11	CC	CC06	21	21	2019-10-01	764	NA	NA	NA	control	Female	Ross
CC06.12	CC	CC06	21	21	2019-10-01	904	FALSE	FALSE	TRUE	control	Female	Ross
CC06.13	CC	CC06	34	35	2019-10-14	1840	FALSE	FALSE	TRUE	control	Female	Ross
CC06.14	CC	CC06	34	35	2019-10-14	2150	FALSE	FALSE	TRUE	control	Female	Ross
CC06.15	CC	CC06	35	35	2019-10-15	1972	FALSE	FALSE	TRUE	control	Female	Ross
CC06.16	CC	CC06	35	35	2019-10-15	1178	FALSE	FALSE	TRUE	control	Female	Ross
CC06.17	CC	CC06	35	35	2019-10-15	1916	FALSE	FALSE	TRUE	control	Female	Ross
CC06.18	CC	CC06	35	35	2019-10-15	1730	FALSE	FALSE	TRUE	control	Female	Ross
CC07.01	CC	CC07	6	7	2019-09-16	183.1	FALSE	FALSE	TRUE	phytobiotic	Male	Ross
CC07.02	CC	CC07	6	7	2019-09-16	156.5	NA	NA	NA	phytobiotic	Male	Ross
CC07.03	CC	CC07	6	7	2019-09-16	158.5	TRUE	FALSE	TRUE	phytobiotic	Male	Ross
CC07.04	CC	CC07	7	7	2019-09-17	202.1	FALSE	FALSE	FALSE	phytobiotic	Male	Ross
CC07.05	CC	CC07	7	7	2019-09-17	193.3	FALSE	FALSE	FALSE	phytobiotic	Male	Ross
CC07.06	CC	CC07	7	7	2019-09-17	184.4	FALSE	FALSE	FALSE	phytobiotic	Male	Ross
CC07.07	CC	CC07	20	21	2019-09-30	870	FALSE	FALSE	TRUE	phytobiotic	Male	Ross
CC07.08	CC	CC07	20	21	2019-09-30	766	FALSE	FALSE	TRUE	phytobiotic	Male	Ross
CC07.09	CC	CC07	20	21	2019-09-30	588	FALSE	FALSE	TRUE	phytobiotic	Male	Ross
CC07.10	CC	CC07	21	21	2019-10-01	931	FALSE	FALSE	TRUE	phytobiotic	Male	Ross
CC07.11	CC	CC07	21	21	2019-10-01	975	FALSE	FALSE	TRUE	phytobiotic	Male	Ross
CC07.12	CC	CC07	21	21	2019-10-01	898	FALSE	FALSE	TRUE	phytobiotic	Male	Ross
CC07.13	CC	CC07	34	35	2019-10-14	1295	FALSE	FALSE	TRUE	phytobiotic	Male	Ross
CC07.14	CC	CC07	34	35	2019-10-14	1730	FALSE	FALSE	TRUE	phytobiotic	Male	Ross
CC07.15	CC	CC07	35	35	2019-10-15	1622	FALSE	FALSE	TRUE	phytobiotic	Male	Ross
CC07.16	CC	CC07	35	35	2019-10-15	1600	FALSE	FALSE	TRUE	phytobiotic	Male	Ross
CC07.17	CC	CC07	36	35	2019-10-16	1416	FALSE	FALSE	TRUE	phytobiotic	Male	Ross
CC07.18	CC	CC07	36	35	2019-10-16	1612	FALSE	FALSE	TRUE	phytobiotic	Male	Ross
CC08.01	CC	CC08	6	7	2019-09-16	153.3	FALSE	FALSE	FALSE	control	Male	Ross
CC08.02	CC	CC08	6	7	2019-09-16	147.9	FALSE	FALSE	FALSE	control	Male	Ross
CC08.03	CC	CC08	6	7	2019-09-16	182.4	NA	NA	NA	control	Male	Ross
CC08.04	CC	CC08	7	7	2019-09-17	182.6	NA	NA	NA	control	Male	Ross
CC08.05	CC	CC08	7	7	2019-09-17	215.1	NA	NA	NA	control	Male	Ross
CC08.06	CC	CC08	7	7	2019-09-17	192.4	NA	NA	NA	control	Male	Ross
CC08.07	CC	CC08	20	21	2019-09-30	836	FALSE	FALSE	TRUE	control	Male	Ross
CC08.08	CC	CC08	20	21	2019-09-30	916	FALSE	FALSE	TRUE	control	Male	Ross
CC08.09	CC	CC08	20	21	2019-09-30	918	FALSE	FALSE	TRUE	control	Male	Ross
CC08.10	CC	CC08	21	21	2019-10-01	708	FALSE	FALSE	TRUE	control	Male	Ross
CC08.11	CC	CC08	21	21	2019-10-01	943	FALSE	FALSE	TRUE	control	Male	Ross
CC08.12	CC	CC08	21	21	2019-10-01	830	FALSE	FALSE	TRUE	control	Male	Ross
CC08.13	CC	CC08	34	35	2019-10-14	1866	FALSE	FALSE	TRUE	control	Male	Ross
CC08.14	CC	CC08	34	35	2019-10-14	1856	FALSE	FALSE	TRUE	control	Male	Ross
CC08.15	CC	CC08	35	35	2019-10-15	1684	FALSE	FALSE	TRUE	control	Male	Ross
CC08.16	CC	CC08	35	35	2019-10-15	1786	FALSE	FALSE	TRUE	control	Male	Ross
CC08.17	CC	CC08	36	35	2019-10-16	1134	FALSE	FALSE	TRUE	control	Male	Ross
CC08.18	CC	CC08	36	35	2019-10-16	1866	FALSE	FALSE	TRUE	control	Male	Ross
CC09.01	CC	CC09	6	7	2019-09-16	151.4	FALSE	FALSE	FALSE	probiotic	Male	Ross
CC09.02	CC	CC09	6	7	2019-09-16	154.1	NA	NA	NA	probiotic	Male	Ross
CC09.03	CC	CC09	6	7	2019-09-16	177.5	FALSE	FALSE	FALSE	probiotic	Male	Ross
CC09.04	CC	CC09	7	7	2019-09-17	190.4	FALSE	FALSE	FALSE	probiotic	Male	Ross
CC09.05	CC	CC09	7	7	2019-09-17	192.3	FALSE	FALSE	FALSE	probiotic	Male	Ross
CC09.06	CC	CC09	7	7	2019-09-17	196.4	FALSE	FALSE	FALSE	probiotic	Male	Ross
CC09.07	CC	CC09	20	21	2019-09-30	674	NA	NA	NA	probiotic	Male	Ross
CC09.08	CC	CC09	20	21	2019-09-30	910	FALSE	FALSE	TRUE	probiotic	Male	Ross
CC09.09	CC	CC09	20	21	2019-09-30	638	FALSE	FALSE	TRUE	probiotic	Male	Ross
CC09.10	CC	CC09	21	21	2019-10-01	992	NA	NA	NA	probiotic	Male	Ross
CC09.11	CC	CC09	21	21	2019-10-01	856	FALSE	FALSE	TRUE	probiotic	Male	Ross
CC09.12	CC	CC09	21	21	2019-10-01	798	FALSE	FALSE	TRUE	probiotic	Male	Ross
CC09.13	CC	CC09	34	35	2019-10-14	1720	FALSE	FALSE	TRUE	probiotic	Male	Ross
CC09.14	CC	CC09	34	35	2019-10-14	1545	FALSE	FALSE	TRUE	probiotic	Male	Ross
CC09.15	CC	CC09	35	35	2019-10-15	2076	FALSE	FALSE	TRUE	probiotic	Male	Ross
CC09.16	CC	CC09	35	35	2019-10-15	1732	FALSE	FALSE	TRUE	probiotic	Male	Ross
CC09.17	CC	CC09	36	35	2019-10-16	1868	FALSE	FALSE	TRUE	probiotic	Male	Ross
CC09.18	CC	CC09	36	35	2019-10-16	2092	FALSE	FALSE	TRUE	probiotic	Male	Ross
CC10.01	CC	CC10	6	7	2019-09-16	167.3	FALSE	FALSE	FALSE	phytobiotic	Female	Ross
CC10.02	CC	CC10	6	7	2019-09-16	176.6	FALSE	FALSE	FALSE	phytobiotic	Female	Ross
CC10.03	CC	CC10	6	7	2019-09-16	164.3	FALSE	FALSE	FALSE	phytobiotic	Female	Ross
CC10.04	CC	CC10	7	7	2019-09-17	198.8	FALSE	FALSE	FALSE	phytobiotic	Female	Ross
CC10.05	CC	CC10	7	7	2019-09-17	217.4	FALSE	FALSE	FALSE	phytobiotic	Female	Ross
CC10.06	CC	CC10	7	7	2019-09-17	178.4	FALSE	FALSE	FALSE	phytobiotic	Female	Ross
CC10.07	CC	CC10	20	21	2019-09-30	858	NA	NA	NA	phytobiotic	Female	Ross
CC10.08	CC	CC10	20	21	2019-09-30	684	FALSE	FALSE	TRUE	phytobiotic	Female	Ross
CC10.09	CC	CC10	20	21	2019-09-30	708	FALSE	FALSE	TRUE	phytobiotic	Female	Ross
CC10.10	CC	CC10	21	21	2019-10-01	764	FALSE	FALSE	TRUE	phytobiotic	Female	Ross
CC10.11	CC	CC10	21	21	2019-10-01	942	FALSE	FALSE	TRUE	phytobiotic	Female	Ross
CC10.12	CC	CC10	21	21	2019-10-01	894	FALSE	FALSE	TRUE	phytobiotic	Female	Ross
CC10.13	CC	CC10	34	35	2019-10-14	1442	FALSE	FALSE	TRUE	phytobiotic	Female	Ross
CC10.14	CC	CC10	34	35	2019-10-14	1678	FALSE	FALSE	TRUE	phytobiotic	Female	Ross
CC10.15	CC	CC10	35	35	2019-10-15	1576	FALSE	FALSE	TRUE	phytobiotic	Female	Ross
CC10.16	CC	CC10	35	35	2019-10-15	1602	FALSE	FALSE	TRUE	phytobiotic	Female	Ross
CC10.17	CC	CC10	36	35	2019-10-16	1530	FALSE	FALSE	TRUE	phytobiotic	Female	Ross
CC10.18	CC	CC10	36	35	2019-10-16	1310	FALSE	FALSE	TRUE	phytobiotic	Female	Ross
CC11.01	CC	CC11	6	7	2019-09-16	184.2	NA	NA	NA	control	Female	Cobb
CC11.02	CC	CC11	6	7	2019-09-16	207.8	NA	NA	NA	control	Female	Cobb
CC11.03	CC	CC11	6	7	2019-09-16	183.7	NA	NA	NA	control	Female	Cobb
CC11.04	CC	CC11	7	7	2019-09-17	171.7	NA	NA	NA	control	Female	Cobb
CC11.05	CC	CC11	7	7	2019-09-17	214.3	NA	NA	NA	control	Female	Cobb
CC11.06	CC	CC11	7	7	2019-09-17	230	NA	NA	NA	control	Female	Cobb
CC11.07	CC	CC11	20	21	2019-09-30	942	FALSE	FALSE	TRUE	control	Female	Cobb
CC11.08	CC	CC11	20	21	2019-09-30	962	FALSE	FALSE	TRUE	control	Female	Cobb
CC11.09	CC	CC11	20	21	2019-09-30	1090	FALSE	FALSE	TRUE	control	Female	Cobb
CC11.10	CC	CC11	21	21	2019-10-01	1140	FALSE	FALSE	TRUE	control	Female	Cobb
CC11.11	CC	CC11	21	21	2019-10-01	980	FALSE	FALSE	TRUE	control	Female	Cobb
CC11.12	CC	CC11	21	21	2019-10-01	874	FALSE	FALSE	TRUE	control	Female	Cobb
CC11.13	CC	CC11	34	35	2019-10-14	1980	FALSE	FALSE	TRUE	control	Female	Cobb
CC11.14	CC	CC11	34	35	2019-10-14	1840	FALSE	FALSE	TRUE	control	Female	Cobb
CC11.15	CC	CC11	35	35	2019-10-15	2114	FALSE	FALSE	TRUE	control	Female	Cobb
CC11.16	CC	CC11	35	35	2019-10-15	1932	FALSE	FALSE	TRUE	control	Female	Cobb
CC11.17	CC	CC11	36	35	2019-10-16	1900	FALSE	FALSE	TRUE	control	Female	Cobb
CC11.18	CC	CC11	36	35	2019-10-16	2080	FALSE	FALSE	TRUE	control	Female	Cobb
CC12.01	CC	CC12	6	7	2019-09-16	191.7	FALSE	FALSE	FALSE	phytobiotic	Male	Cobb
CC12.02	CC	CC12	6	7	2019-09-16	150.9	NA	NA	NA	phytobiotic	Male	Cobb
CC12.03	CC	CC12	6	7	2019-09-16	167.8	NA	NA	NA	phytobiotic	Male	Cobb
CC12.04	CC	CC12	7	7	2019-09-17	196.7	FALSE	FALSE	FALSE	phytobiotic	Male	Cobb
CC12.05	CC	CC12	7	7	2019-09-17	204.1	FALSE	FALSE	FALSE	phytobiotic	Male	Cobb
CC12.06	CC	CC12	7	7	2019-09-17	206.3	FALSE	FALSE	FALSE	phytobiotic	Male	Cobb
CC12.07	CC	CC12	20	21	2019-09-30	1102	FALSE	FALSE	TRUE	phytobiotic	Male	Cobb
CC12.08	CC	CC12	20	21	2019-09-30	832	FALSE	FALSE	TRUE	phytobiotic	Male	Cobb
CC12.09	CC	CC12	20	21	2019-09-30	890	FALSE	FALSE	TRUE	phytobiotic	Male	Cobb
CC12.10	CC	CC12	21	21	2019-10-01	1014	FALSE	FALSE	TRUE	phytobiotic	Male	Cobb
CC12.11	CC	CC12	21	21	2019-10-01	1146	FALSE	FALSE	TRUE	phytobiotic	Male	Cobb
CC12.12	CC	CC12	21	21	2019-10-01	916	FALSE	FALSE	TRUE	phytobiotic	Male	Cobb
CC12.13	CC	CC12	34	35	2019-10-14	2460	FALSE	FALSE	TRUE	phytobiotic	Male	Cobb
CC12.14	CC	CC12	34	35	2019-10-14	2240	FALSE	FALSE	TRUE	phytobiotic	Male	Cobb
CC12.15	CC	CC12	35	35	2019-10-15	2170	FALSE	FALSE	TRUE	phytobiotic	Male	Cobb
CC12.16	CC	CC12	35	35	2019-10-15	1880	FALSE	FALSE	TRUE	phytobiotic	Male	Cobb
CC12.17	CC	CC12	36	35	2019-10-16	1480	FALSE	FALSE	TRUE	phytobiotic	Male	Cobb
CC12.18	CC	CC12	36	35	2019-10-16	2350	FALSE	FALSE	TRUE	phytobiotic	Male	Cobb
CC13.01	CC	CC13	6	7	2019-09-16	156.1	FALSE	FALSE	FALSE	phytobiotic	Female	Cobb
CC13.02	CC	CC13	6	7	2019-09-16	163.2	TRUE	FALSE	FALSE	phytobiotic	Female	Cobb
CC13.03	CC	CC13	6	7	2019-09-16	174.6	FALSE	FALSE	FALSE	phytobiotic	Female	Cobb
CC13.04	CC	CC13	7	7	2019-09-17	209.3	FALSE	FALSE	FALSE	phytobiotic	Female	Cobb
CC13.05	CC	CC13	7	7	2019-09-17	188.6	FALSE	FALSE	FALSE	phytobiotic	Female	Cobb
CC13.06	CC	CC13	7	7	2019-09-17	209.1	NA	NA	NA	phytobiotic	Female	Cobb
CC13.07	CC	CC13	20	21	2019-09-30	836	FALSE	FALSE	TRUE	phytobiotic	Female	Cobb
CC13.08	CC	CC13	20	21	2019-09-30	984	FALSE	FALSE	TRUE	phytobiotic	Female	Cobb
CC13.09	CC	CC13	20	21	2019-09-30	942	FALSE	FALSE	TRUE	phytobiotic	Female	Cobb
CC13.10	CC	CC13	21	21	2019-10-01	968	NA	NA	NA	phytobiotic	Female	Cobb
CC13.11	CC	CC13	21	21	2019-10-01	998	FALSE	FALSE	TRUE	phytobiotic	Female	Cobb
CC13.12	CC	CC13	21	21	2019-10-01	922	FALSE	FALSE	TRUE	phytobiotic	Female	Cobb
CC13.13	CC	CC13	34	35	2019-10-14	1850	FALSE	FALSE	TRUE	phytobiotic	Female	Cobb
CC13.14	CC	CC13	34	35	2019-10-14	2100	FALSE	FALSE	TRUE	phytobiotic	Female	Cobb
CC13.15	CC	CC13	35	35	2019-10-15	2240	FALSE	FALSE	TRUE	phytobiotic	Female	Cobb
CC13.16	CC	CC13	35	35	2019-10-15	1990	FALSE	FALSE	TRUE	phytobiotic	Female	Cobb
CC13.17	CC	CC13	36	35	2019-10-16	2480	FALSE	FALSE	TRUE	phytobiotic	Female	Cobb
CC13.18	CC	CC13	36	35	2019-10-16	2450	FALSE	FALSE	TRUE	phytobiotic	Female	Cobb
CC14.01	CC	CC14	6	7	2019-09-16	159.1	FALSE	FALSE	FALSE	probiotic	Female	Cobb
CC14.02	CC	CC14	6	7	2019-09-16	176.9	FALSE	FALSE	FALSE	probiotic	Female	Cobb
CC14.03	CC	CC14	6	7	2019-09-16	152.4	FALSE	FALSE	FALSE	probiotic	Female	Cobb
CC14.04	CC	CC14	7	7	2019-09-17	188.6	NA	NA	NA	probiotic	Female	Cobb
CC14.05	CC	CC14	7	7	2019-09-17	202.5	TRUE	FALSE	FALSE	probiotic	Female	Cobb
CC14.06	CC	CC14	7	7	2019-09-17	178.6	FALSE	FALSE	FALSE	probiotic	Female	Cobb
CC14.07	CC	CC14	20	21	2019-09-30	866	FALSE	FALSE	TRUE	probiotic	Female	Cobb
CC14.08	CC	CC14	20	21	2019-09-30	984	NA	NA	NA	probiotic	Female	Cobb
CC14.09	CC	CC14	20	21	2019-09-30	792	FALSE	FALSE	TRUE	probiotic	Female	Cobb
CC14.10	CC	CC14	21	21	2019-10-01	892	FALSE	FALSE	TRUE	probiotic	Female	Cobb
CC14.11	CC	CC14	21	21	2019-10-01	964	FALSE	FALSE	TRUE	probiotic	Female	Cobb
CC14.12	CC	CC14	21	21	2019-10-01	1002	FALSE	FALSE	TRUE	probiotic	Female	Cobb
CC14.13	CC	CC14	34	35	2019-10-14	1770	FALSE	FALSE	TRUE	probiotic	Female	Cobb
CC14.14	CC	CC14	34	35	2019-10-14	2116	FALSE	FALSE	TRUE	probiotic	Female	Cobb
CC14.15	CC	CC14	35	35	2019-10-15	1930	FALSE	FALSE	TRUE	probiotic	Female	Cobb
CC14.16	CC	CC14	35	35	2019-10-15	1750	FALSE	FALSE	TRUE	probiotic	Female	Cobb
CC14.17	CC	CC14	36	35	2019-10-16	1890	FALSE	FALSE	TRUE	probiotic	Female	Cobb
CC14.18	CC	CC14	36	35	2019-10-16	1836	FALSE	FALSE	TRUE	probiotic	Female	Cobb
CC15.01	CC	CC15	6	7	2019-09-16	178.4	FALSE	FALSE	FALSE	probiotic	Male	Cobb
CC15.02	CC	CC15	6	7	2019-09-16	176.6	TRUE	FALSE	FALSE	probiotic	Male	Cobb
CC15.03	CC	CC15	6	7	2019-09-16	182.8	FALSE	FALSE	FALSE	probiotic	Male	Cobb
CC15.04	CC	CC15	7	7	2019-09-17	192.4	FALSE	FALSE	FALSE	probiotic	Male	Cobb
CC15.05	CC	CC15	7	7	2019-09-17	205.6	NA	NA	NA	probiotic	Male	Cobb
CC15.06	CC	CC15	7	7	2019-09-17	200.7	NA	NA	NA	probiotic	Male	Cobb
CC15.07	CC	CC15	20	21	2019-09-30	728	NA	NA	NA	probiotic	Male	Cobb
CC15.08	CC	CC15	20	21	2019-09-30	970	FALSE	FALSE	TRUE	probiotic	Male	Cobb
CC15.09	CC	CC15	20	21	2019-09-30	1020	FALSE	FALSE	TRUE	probiotic	Male	Cobb
CC15.10	CC	CC15	21	21	2019-10-01	962	FALSE	FALSE	TRUE	probiotic	Male	Cobb
CC15.11	CC	CC15	21	21	2019-10-01	1040	FALSE	FALSE	TRUE	probiotic	Male	Cobb
CC15.12	CC	CC15	21	21	2019-10-01	884	FALSE	FALSE	TRUE	probiotic	Male	Cobb
CC15.13	CC	CC15	34	35	2019-10-14	1660	FALSE	FALSE	TRUE	probiotic	Male	Cobb
CC15.14	CC	CC15	34	35	2019-10-14	2468	FALSE	FALSE	TRUE	probiotic	Male	Cobb
CC15.15	CC	CC15	35	35	2019-10-15	1950	FALSE	FALSE	TRUE	probiotic	Male	Cobb
CC15.16	CC	CC15	35	35	2019-10-15	2260	FALSE	FALSE	TRUE	probiotic	Male	Cobb
CC15.17	CC	CC15	36	35	2019-10-16	2334	FALSE	FALSE	TRUE	probiotic	Male	Cobb
CC15.18	CC	CC15	36	35	2019-10-16	2270	FALSE	FALSE	FALSE	probiotic	Male	Cobb
CC16.01	CC	CC16	6	7	2019-09-16	170.5	FALSE	FALSE	FALSE	probiotic	Female	Ross
CC16.02	CC	CC16	6	7	2019-09-16	171.2	FALSE	FALSE	FALSE	probiotic	Female	Ross
CC16.03	CC	CC16	6	7	2019-09-16	146.4	FALSE	FALSE	FALSE	probiotic	Female	Ross
CC16.04	CC	CC16	7	7	2019-09-17	198.7	FALSE	FALSE	FALSE	probiotic	Female	Ross
CC16.05	CC	CC16	7	7	2019-09-17	183.4	FALSE	FALSE	FALSE	probiotic	Female	Ross
CC16.06	CC	CC16	7	7	2019-09-17	215.8	FALSE	FALSE	FALSE	probiotic	Female	Ross
CC16.07	CC	CC16	20	21	2019-09-30	772	NA	NA	NA	probiotic	Female	Ross
CC16.08	CC	CC16	20	21	2019-09-30	714	FALSE	FALSE	TRUE	probiotic	Female	Ross
CC16.09	CC	CC16	20	21	2019-09-30	766	FALSE	FALSE	TRUE	probiotic	Female	Ross
CC16.10	CC	CC16	21	21	2019-10-01	780	FALSE	FALSE	TRUE	probiotic	Female	Ross
CC16.11	CC	CC16	21	21	2019-10-01	940	FALSE	FALSE	TRUE	probiotic	Female	Ross
CC16.12	CC	CC16	21	21	2019-10-01	810	FALSE	FALSE	TRUE	probiotic	Female	Ross
CC16.13	CC	CC16	34	35	2019-10-14	1394	FALSE	FALSE	TRUE	probiotic	Female	Ross
CC16.14	CC	CC16	34	35	2019-10-14	1514	FALSE	FALSE	TRUE	probiotic	Female	Ross
CC16.15	CC	CC16	35	35	2019-10-15	1502	FALSE	FALSE	TRUE	probiotic	Female	Ross
CC16.16	CC	CC16	35	35	2019-10-15	1920	FALSE	FALSE	TRUE	probiotic	Female	Ross
CC16.17	CC	CC16	36	35	2019-10-16	1766	FALSE	FALSE	TRUE	probiotic	Female	Ross
CC16.18	CC	CC16	36	35	2019-10-16	1824	FALSE	FALSE	TRUE	probiotic	Female	Ross
CC17.01	CC	CC17	6	7	2019-09-16	166.9	NA	NA	NA	control	Male	Cobb
CC17.02	CC	CC17	6	7	2019-09-16	183.5	TRUE	FALSE	FALSE	control	Male	Cobb
CC17.03	CC	CC17	6	7	2019-09-16	202.4	FALSE	FALSE	FALSE	control	Male	Cobb
CC17.04	CC	CC17	7	7	2019-09-17	235.1	NA	NA	NA	control	Male	Cobb
CC17.05	CC	CC17	7	7	2019-09-17	220.7	FALSE	FALSE	FALSE	control	Male	Cobb
CC17.06	CC	CC17	7	7	2019-09-17	254.4	TRUE	FALSE	NA	control	Male	Cobb
CC17.07	CC	CC17	20	21	2019-09-30	922	NA	NA	NA	control	Male	Cobb
CC17.08	CC	CC17	20	21	2019-09-30	1116	FALSE	FALSE	TRUE	control	Male	Cobb
CC17.09	CC	CC17	20	21	2019-09-30	1134	FALSE	FALSE	TRUE	control	Male	Cobb
CC17.10	CC	CC17	21	21	2019-10-01	1252	FALSE	FALSE	TRUE	control	Male	Cobb
CC17.11	CC	CC17	21	21	2019-10-01	948	FALSE	FALSE	TRUE	control	Male	Cobb
CC17.12	CC	CC17	21	21	2019-10-01	1148	NA	NA	NA	control	Male	Cobb
CC17.13	CC	CC17	34	35	2019-10-14	1954	NA	NA	NA	control	Male	Cobb
CC17.14	CC	CC17	34	35	2019-10-14	2180	FALSE	FALSE	TRUE	control	Male	Cobb
CC17.15	CC	CC17	35	35	2019-10-15	1748	FALSE	FALSE	TRUE	control	Male	Cobb
CC17.16	CC	CC17	35	35	2019-10-15	2428	FALSE	FALSE	TRUE	control	Male	Cobb
CC17.17	CC	CC17	36	35	2019-10-16	1880	FALSE	FALSE	TRUE	control	Male	Cobb
CC17.18	CC	CC17	36	35	2019-10-16	1914	FALSE	FALSE	TRUE	control	Male	Cobb
CC18.01	CC	CC18	6	7	2019-09-16	165.5	FALSE	FALSE	FALSE	probiotic	Male	Ross
CC18.02	CC	CC18	6	7	2019-09-16	167.4	FALSE	FALSE	FALSE	probiotic	Male	Ross
CC18.03	CC	CC18	6	7	2019-09-16	173.9	FALSE	FALSE	FALSE	probiotic	Male	Ross
CC18.04	CC	CC18	7	7	2019-09-17	182.1	FALSE	FALSE	FALSE	probiotic	Male	Ross
CC18.05	CC	CC18	7	7	2019-09-17	163.1	FALSE	FALSE	FALSE	probiotic	Male	Ross
CC18.06	CC	CC18	7	7	2019-09-17	212.1	FALSE	FALSE	FALSE	probiotic	Male	Ross
CC18.07	CC	CC18	20	21	2019-09-30	788	FALSE	FALSE	TRUE	probiotic	Male	Ross
CC18.08	CC	CC18	20	21	2019-09-30	910	FALSE	FALSE	TRUE	probiotic	Male	Ross
CC18.09	CC	CC18	20	21	2019-09-30	750	FALSE	FALSE	TRUE	probiotic	Male	Ross
CC18.10	CC	CC18	21	21	2019-10-01	648	FALSE	FALSE	TRUE	probiotic	Male	Ross
CC18.11	CC	CC18	21	21	2019-10-01	1118	FALSE	FALSE	TRUE	probiotic	Male	Ross
CC18.12	CC	CC18	21	21	2019-10-01	814	FALSE	FALSE	TRUE	probiotic	Male	Ross
CC18.13	CC	CC18	34	35	2019-10-14	1820	FALSE	FALSE	TRUE	probiotic	Male	Ross
CC18.14	CC	CC18	34	35	2019-10-14	1842	FALSE	FALSE	TRUE	probiotic	Male	Ross
CC18.15	CC	CC18	35	35	2019-10-15	2204	FALSE	FALSE	TRUE	probiotic	Male	Ross
CC18.16	CC	CC18	35	35	2019-10-15	1814	FALSE	FALSE	TRUE	probiotic	Male	Ross
CC18.17	CC	CC18	36	35	2019-10-16	1738	FALSE	FALSE	TRUE	probiotic	Male	Ross
CC18.18	CC	CC18	36	35	2019-10-16	1710	FALSE	FALSE	TRUE	probiotic	Male	Ross
CC19.01	CC	CC19	6	7	2019-09-16	181.1	FALSE	FALSE	FALSE	control	Male	Ross
CC19.02	CC	CC19	6	7	2019-09-16	177.9	FALSE	FALSE	FALSE	control	Male	Ross
CC19.03	CC	CC19	6	7	2019-09-16	198.2	FALSE	FALSE	FALSE	control	Male	Ross
CC19.04	CC	CC19	7	7	2019-09-17	192.1	FALSE	FALSE	FALSE	control	Male	Ross
CC19.05	CC	CC19	7	7	2019-09-17	189.1	FALSE	FALSE	FALSE	control	Male	Ross
CC19.06	CC	CC19	7	7	2019-09-17	191.1	FALSE	FALSE	FALSE	control	Male	Ross
CC19.07	CC	CC19	20	21	2019-09-30	740	FALSE	FALSE	TRUE	control	Male	Ross
CC19.08	CC	CC19	20	21	2019-09-30	662	FALSE	FALSE	TRUE	control	Male	Ross
CC19.09	CC	CC19	20	21	2019-09-30	1006	FALSE	FALSE	TRUE	control	Male	Ross
CC19.10	CC	CC19	21	21	2019-10-01	960	FALSE	FALSE	TRUE	control	Male	Ross
CC19.11	CC	CC19	21	21	2019-10-01	980	NA	NA	NA	control	Male	Ross
CC19.12	CC	CC19	21	21	2019-10-01	880	FALSE	FALSE	TRUE	control	Male	Ross
CC19.13	CC	CC19	34	35	2019-10-14	1982	FALSE	FALSE	TRUE	control	Male	Ross
CC19.14	CC	CC19	34	35	2019-10-14	2124	FALSE	FALSE	TRUE	control	Male	Ross
CC19.15	CC	CC19	35	35	2019-10-15	2010	FALSE	FALSE	TRUE	control	Male	Ross
CC19.16	CC	CC19	35	35	2019-10-15	1989	FALSE	FALSE	TRUE	control	Male	Ross
CC19.17	CC	CC19	36	35	2019-10-16	1610	FALSE	FALSE	TRUE	control	Male	Ross
CC19.18	CC	CC19	36	35	2019-10-16	2046	FALSE	FALSE	TRUE	control	Male	Ross
CC20.01	CC	CC20	6	7	2019-09-16	183	FALSE	FALSE	FALSE	control	Female	Cobb
CC20.02	CC	CC20	6	7	2019-09-16	172.5	FALSE	FALSE	FALSE	control	Female	Cobb
CC20.03	CC	CC20	6	7	2019-09-16	178.6	FALSE	FALSE	FALSE	control	Female	Cobb
CC20.04	CC	CC20	7	7	2019-09-17	205.4	FALSE	FALSE	FALSE	control	Female	Cobb
CC20.05	CC	CC20	7	7	2019-09-17	213.6	NA	NA	NA	control	Female	Cobb
CC20.06	CC	CC20	7	7	2019-09-17	191.3	NA	NA	NA	control	Female	Cobb
CC20.07	CC	CC20	20	21	2019-09-30	846	FALSE	TRUE	TRUE	control	Female	Cobb
CC20.08	CC	CC20	20	21	2019-09-30	964	FALSE	FALSE	TRUE	control	Female	Cobb
CC20.09	CC	CC20	20	21	2019-09-30	908	NA	NA	NA	control	Female	Cobb
CC20.10	CC	CC20	21	21	2019-10-01	998	FALSE	FALSE	TRUE	control	Female	Cobb
CC20.11	CC	CC20	21	21	2019-10-01	962	FALSE	FALSE	TRUE	control	Female	Cobb
CC20.12	CC	CC20	21	21	2019-10-01	916	FALSE	FALSE	TRUE	control	Female	Cobb
CC20.13	CC	CC20	34	35	2019-10-14	1896	FALSE	FALSE	TRUE	control	Female	Cobb
CC20.14	CC	CC20	34	35	2019-10-14	1834	FALSE	FALSE	TRUE	control	Female	Cobb
CC20.15	CC	CC20	35	35	2019-10-15	2210	FALSE	FALSE	TRUE	control	Female	Cobb
CC20.16	CC	CC20	35	35	2019-10-15	1980	FALSE	FALSE	TRUE	control	Female	Cobb
CC20.17	CC	CC20	36	35	2019-10-16	2030	FALSE	FALSE	TRUE	control	Female	Cobb
CC20.18	CC	CC20	36	35	2019-10-16	2070	FALSE	FALSE	TRUE	control	Female	Cobb
CC21.01	CC	CC21	6	7	2019-09-16	183	NA	NA	NA	phytobiotic	Male	Ross
CC21.02	CC	CC21	6	7	2019-09-16	191.7	FALSE	FALSE	FALSE	phytobiotic	Male	Ross
CC21.03	CC	CC21	6	7	2019-09-16	165.4	FALSE	FALSE	FALSE	phytobiotic	Male	Ross
CC21.04	CC	CC21	7	7	2019-09-17	173.4	FALSE	FALSE	FALSE	phytobiotic	Male	Ross
CC21.05	CC	CC21	7	7	2019-09-17	219.9	FALSE	FALSE	FALSE	phytobiotic	Male	Ross
CC21.06	CC	CC21	7	7	2019-09-17	233.8	FALSE	FALSE	FALSE	phytobiotic	Male	Ross
CC21.07	CC	CC21	20	21	2019-09-30	940	FALSE	FALSE	TRUE	phytobiotic	Male	Ross
CC21.08	CC	CC21	20	21	2019-09-30	992	FALSE	FALSE	TRUE	phytobiotic	Male	Ross
CC21.09	CC	CC21	20	21	2019-09-30	950	NA	NA	NA	phytobiotic	Male	Ross
CC21.10	CC	CC21	21	21	2019-10-01	1096	FALSE	FALSE	TRUE	phytobiotic	Male	Ross
CC21.11	CC	CC21	21	21	2019-10-01	1088	FALSE	FALSE	TRUE	phytobiotic	Male	Ross
CC21.12	CC	CC21	21	21	2019-10-01	960	FALSE	FALSE	TRUE	phytobiotic	Male	Ross
CC21.13	CC	CC21	34	35	2019-10-14	1788	NA	NA	NA	phytobiotic	Male	Ross
CC21.14	CC	CC21	34	35	2019-10-14	2478	FALSE	FALSE	TRUE	phytobiotic	Male	Ross
CC21.15	CC	CC21	35	35	2019-10-15	2540	FALSE	FALSE	TRUE	phytobiotic	Male	Ross
CC21.16	CC	CC21	35	35	2019-10-15	1900	FALSE	FALSE	TRUE	phytobiotic	Male	Ross
CC21.17	CC	CC21	36	35	2019-10-16	1974	FALSE	FALSE	TRUE	phytobiotic	Male	Ross
CC21.18	CC	CC21	36	35	2019-10-16	1780	FALSE	FALSE	TRUE	phytobiotic	Male	Ross
CC22.01	CC	CC22	6	7	2019-09-16	166.1	FALSE	FALSE	FALSE	control	Female	Ross
CC22.02	CC	CC22	6	7	2019-09-16	185	FALSE	FALSE	FALSE	control	Female	Ross
CC22.03	CC	CC22	6	7	2019-09-16	170.8	FALSE	FALSE	FALSE	control	Female	Ross
CC22.04	CC	CC22	7	7	2019-09-17	181.5	FALSE	FALSE	FALSE	control	Female	Ross
CC22.05	CC	CC22	7	7	2019-09-17	186.3	NA	NA	NA	control	Female	Ross
CC22.06	CC	CC22	7	7	2019-09-17	188.8	NA	NA	NA	control	Female	Ross
CC22.07	CC	CC22	20	21	2019-09-30	928	FALSE	FALSE	TRUE	control	Female	Ross
CC22.08	CC	CC22	20	21	2019-09-30	730	FALSE	FALSE	TRUE	control	Female	Ross
CC22.09	CC	CC22	20	21	2019-09-30	786	FALSE	FALSE	TRUE	control	Female	Ross
CC22.10	CC	CC22	21	21	2019-10-01	788	FALSE	FALSE	TRUE	control	Female	Ross
CC22.11	CC	CC22	21	21	2019-10-01	936	FALSE	FALSE	TRUE	control	Female	Ross
CC22.12	CC	CC22	21	21	2019-10-01	910	FALSE	FALSE	TRUE	control	Female	Ross
CC22.13	CC	CC22	34	35	2019-10-14	1670	FALSE	FALSE	TRUE	control	Female	Ross
CC22.14	CC	CC22	34	35	2019-10-14	1540	FALSE	FALSE	TRUE	control	Female	Ross
CC22.15	CC	CC22	35	35	2019-10-15	1436	FALSE	FALSE	TRUE	control	Female	Ross
CC22.16	CC	CC22	35	35	2019-10-15	1910	FALSE	FALSE	TRUE	control	Female	Ross
CC22.17	CC	CC22	36	35	2019-10-16	1756	FALSE	FALSE	TRUE	control	Female	Ross
CC22.18	CC	CC22	36	35	2019-10-16	2244	FALSE	FALSE	TRUE	control	Female	Ross
CC23.01	CC	CC23	6	7	2019-09-16	187.6	FALSE	FALSE	FALSE	phytobiotic	Male	Cobb
CC23.02	CC	CC23	6	7	2019-09-16	199.7	FALSE	FALSE	FALSE	phytobiotic	Male	Cobb
CC23.03	CC	CC23	6	7	2019-09-16	209.1	TRUE	FALSE	FALSE	phytobiotic	Male	Cobb
CC23.04	CC	CC23	7	7	2019-09-17	233.2	TRUE	TRUE	FALSE	phytobiotic	Male	Cobb
CC23.05	CC	CC23	7	7	2019-09-17	220.4	TRUE	FALSE	FALSE	phytobiotic	Male	Cobb
CC23.06	CC	CC23	7	7	2019-09-17	189.5	NA	NA	NA	phytobiotic	Male	Cobb
CC23.07	CC	CC23	20	21	2019-09-30	940	FALSE	FALSE	TRUE	phytobiotic	Male	Cobb
CC23.08	CC	CC23	20	21	2019-09-30	1080	FALSE	FALSE	TRUE	phytobiotic	Male	Cobb
CC23.09	CC	CC23	20	21	2019-09-30	1094	FALSE	FALSE	TRUE	phytobiotic	Male	Cobb
CC23.10	CC	CC23	21	21	2019-10-01	1066	FALSE	FALSE	TRUE	phytobiotic	Male	Cobb
CC23.11	CC	CC23	21	21	2019-10-01	1030	FALSE	FALSE	TRUE	phytobiotic	Male	Cobb
CC23.12	CC	CC23	21	21	2019-10-01	1052	FALSE	FALSE	TRUE	phytobiotic	Male	Cobb
CC23.13	CC	CC23	34	35	2019-10-14	2302	FALSE	FALSE	TRUE	phytobiotic	Male	Cobb
CC23.14	CC	CC23	34	35	2019-10-14	2420	FALSE	FALSE	TRUE	phytobiotic	Male	Cobb
CC23.15	CC	CC23	35	35	2019-10-15	2440	FALSE	FALSE	TRUE	phytobiotic	Male	Cobb
CC23.16	CC	CC23	35	35	2019-10-15	2150	FALSE	FALSE	TRUE	phytobiotic	Male	Cobb
CC23.17	CC	CC23	36	35	2019-10-16	1992	FALSE	FALSE	TRUE	phytobiotic	Male	Cobb
CC23.18	CC	CC23	36	35	2019-10-16	2132	FALSE	FALSE	TRUE	phytobiotic	Male	Cobb
CC24.01	CC	CC24	6	7	2019-09-16	166.3	NA	NA	NA	phytobiotic	Female	Ross
CC24.02	CC	CC24	6	7	2019-09-16	172.8	FALSE	FALSE	FALSE	phytobiotic	Female	Ross
CC24.03	CC	CC24	6	7	2019-09-16	188.6	FALSE	FALSE	FALSE	phytobiotic	Female	Ross
CC24.04	CC	CC24	7	7	2019-09-17	217.8	NA	NA	NA	phytobiotic	Female	Ross
CC24.05	CC	CC24	7	7	2019-09-17	224.9	NA	NA	NA	phytobiotic	Female	Ross
CC24.06	CC	CC24	7	7	2019-09-17	218.2	FALSE	FALSE	FALSE	phytobiotic	Female	Ross
CC24.07	CC	CC24	20	21	2019-09-30	846	FALSE	FALSE	TRUE	phytobiotic	Female	Ross
CC24.08	CC	CC24	20	21	2019-09-30	768	NA	NA	NA	phytobiotic	Female	Ross
CC24.09	CC	CC24	20	21	2019-09-30	874	FALSE	FALSE	TRUE	phytobiotic	Female	Ross
CC24.10	CC	CC24	21	21	2019-10-01	736	FALSE	FALSE	TRUE	phytobiotic	Female	Ross
CC24.11	CC	CC24	21	21	2019-10-01	746	NA	NA	NA	phytobiotic	Female	Ross
CC24.12	CC	CC24	21	21	2019-10-01	706	NA	NA	NA	phytobiotic	Female	Ross
CC24.13	CC	CC24	34	35	2019-10-14	1558	FALSE	FALSE	TRUE	phytobiotic	Female	Ross
CC24.14	CC	CC24	34	35	2019-10-14	1748	FALSE	FALSE	TRUE	phytobiotic	Female	Ross
CC24.15	CC	CC24	35	35	2019-10-15	1702	FALSE	FALSE	TRUE	phytobiotic	Female	Ross
CC24.16	CC	CC24	35	35	2019-10-15	1984	FALSE	FALSE	TRUE	phytobiotic	Female	Ross
CC24.17	CC	CC24	36	35	2019-10-16	2218	FALSE	FALSE	TRUE	phytobiotic	Female	Ross
CC24.18	CC	CC24	36	35	2019-10-16	1540	FALSE	FALSE	TRUE	phytobiotic	Female	Ross
